1,4750,TM-300-60R CORD,"11,000",etc_1.jpg,아이언/우드그립,E001-02,테일러메이드,실그립,"20,000"
2,,TM,"9,900",etc_2.jpg,아이언/우드그립,E001-03,테일러메이드,30g /TM Bubble Cord,"20,000"
3,,TM,"9,900",etc_3.jpg,아이언/우드그립,E001-04,테일러메이드,39g /TM 반버블 Cord,"20,000"
4,4751,TM-60R,"11,000",etc_4.jpg,아이언/우드그립,E001-05,테일러메이드,51g/ TM 고무,"20,000"
5,,TM-60R,"11,000",etc_5.jpg,아이언/우드그립,E001-06,테일러메이드,51g/ TM 고무/빨강캡,"20,000"
6,4752,TM-TFB60X,"11,000",etc_6.jpg,아이언/우드그립,E002-01,테일러메이드,35g/골드 크로스라인,"20,000"
7,4753,TM-500-68R,"11,000",etc_7.jpg,아이언/우드그립,E003-01,테일러메이드,500시리즈 버블,"20,000"
8,4754,XR-05 CORD,"11,000",etc_8.jpg,아이언/우드그립,E004-01,테일러메이드,45.5g/실그립,"20,000"
9,4757,PING,"11,000",etc_9.jpg,아이언/우드그립,E008-01,PING,그린캡,"20,000"
10,4758,PING,"11,000",etc_10.jpg,아이언/우드그립,E008-02,PING,화이트캡,"20,000"
11,,PING,"9,900",etc_11.jpg,아이언/우드그립,E008-03,PING,오렌지캡/오버사이즈,"20,000"
12,4759,PING,"11,000",etc_12.jpg,아이언/우드그립,E009-01,PING,53g/랩,"20,000"
13,4760,CBBS-62R,"6,600",etc_13.jpg,아이언/우드그립,E010-01,캘러웨이,빅버사 X12,"12,000"
14,4761,CGH,"6,600",etc_14.jpg,아이언/우드그립,E011-01,캘러웨이,호크아이 여,"12,000"
15,4762,CGH,"6,600",etc_15.jpg,아이언/우드그립,E011-02,캘러웨이,호크아이 남/고무,"12,000"
16,,CGH,"6,600",etc_16.jpg,아이언/우드그립,E011-04,캘러웨이,호크아이 남/실,"12,000"
17,4763,CGH,"6,600",etc_17.jpg,아이언/우드그립,E012-02,캘러웨이,X-14 여,"12,000"
18,4764,CGH,"6,600",etc_18.jpg,아이언/우드그립,E013-01,캘러웨이,X-16 여,"12,000"
