1,,F84C-02 č«ž”,440 ,ferrule_wood_1.jpg,335,N001-01,JONGYNG,8.4X10x12.1,č«ž”
2,,F84C-03 č«ž”,440 ,ferrule_wood_2.jpg,335,N001-02,JONGYNG,8.4X13.4X12.3,č«ž”
3,,F84C-05 č«ž”,550 ,ferrule_wood_3.jpg,335,N001-03,JONGYNG,8.4X20X12.3,č«ž”
4,,F84C-06 č«ž”,440 ,ferrule_wood_4.jpg,335,N001-04,JONGYNG,8.4X6.5X12.6,č«ž”
5,,F84C-07 č«ž”,440 ,ferrule_wood_5.jpg,335,N001-05,JONGYNG,8.4X6.5X12.3,č«ž”
6,,F84C-08 č«ž”,440 ,ferrule_wood_6.jpg,335,N001-06,JONGYNG,8.4X13.4X13.6(żÜ°æŽë),č«ž”
7,,2F84C-39 żűž”,660 ,ferrule_wood_7.jpg,335,N100-14,JONGYNG,8.4X12X12.5,żűž”
8,,2F84C-48 żűž”,440 ,ferrule_wood_8.jpg,335,N100-20,JONGYNG,8.4X14X12.3 Silver,żűž”
9,,2F84C-49 żűž”,440 ,ferrule_wood_9.jpg,335,N100-21,JONGYNG,8.4X14X12.3 Red Gold,żűž”
10,,2F84C-50 żűž”,440 ,ferrule_wood_10.jpg,335,N100-22,JONGYNG,8.4X12X12.3,żűž”
11,,2F84C-51 żűž” ,660 ,ferrule_wood_11.jpg,335,N100-23,JONGYNG,8.4X14X12,żűž”
12,,2F84C-52 żűž”,660 ,ferrule_wood_12.jpg,335,N100-24,JONGYNG,8.4X12.5X12.5,żűž”
13,,U4F8.4 Ćőž”,990 ,ferrule_wood_13.jpg,335,N100-26,MAOJING,8.4X11.9X12.3,Ćőž”
14,,U4F8.4 Ćőž”,990 ,ferrule_wood_14.jpg,335,N100-28,MAOJING,8.4X12X12.3,Ćőž”
15,,U4F8.4 Ćőž”,990 ,ferrule_wood_15.jpg,335,N100-29,MAOJING,8.4X12X13,Ćőž”
16,,2F8.4 żűž”,550 ,ferrule_wood_16.jpg,335,N100-31,MAOJING,8.4X14.8X13,żűž”
17,,2F8.4 żűž”,550 ,ferrule_wood_17.jpg,335,N100-32,MAOJING,8.4X15X13,żűž”
18,,4F8.4 Ćőž”,550 ,ferrule_wood_18.jpg,335,N100-33,MAOJING,8.4X17.8X12.5,Ćőž”
19,,4F8.4 Ćőž”,550 ,ferrule_wood_19.jpg,335,N100-34,MAOJING,8.4X17.8X13,Ćőž”
20,,F8.3C Ćőž”,"1,100 ",ferrule_wood_20.jpg,335,N100-35,MAOJING,8.4X14X12.3,Ćőž”
21,,2F8.4C żűž”,"1,100 ",ferrule_wood_21.jpg,335,N100-36,MAOJING,8.4X12X13 Red Glod,żűž”
22,,2F8.4C żűž”,"1,100 ",ferrule_wood_22.jpg,335,N100-37,MAOJING,8.4X12X13 Red,żűž”
23,,2F8.4C żűž”,"1,100 ",ferrule_wood_23.jpg,335,N100-38,MAOJING,8.4X12X13 Blue,żűž”
24,,U4F8.4C Ćőž”,"1,100 ",ferrule_wood_24.jpg,335,N100-39,MAOJING,8.4X14X12.3,Ćőž”
25,,U4F8.4C Ćőž”,"1,100 ",ferrule_wood_25.jpg,335,N100-40,MAOJING,8.4X12X12.3 Silver,Ćőž”
26,,U4F8.4C Ćőž”,"1,100 ",ferrule_wood_26.jpg,335,N100-41,MAOJING,8.4X12X12.3 Gold,Ćőž”
27,,U4F8.4C Ćőž”,"1,100 ",ferrule_wood_27.jpg,335,N100-42,MAOJING,8.4X14.5X12.5,Ćőž”
28,,2F8.3C,"1,100 ",ferrule_wood_28.jpg,335,N100-44,MAOJING,8.4X14X12.3,Ćőž”
29,,2F8.4C Ćőž”,"1,100 ",ferrule_wood_29.jpg,335,N100-45,MAOJING,8.4X12X12.3,Ćőž”
30,,2F8.4C Ćőž”,"1,100 ",ferrule_wood_30.jpg,335,N100-46,MAOJING,8.4X12X12.5,Ćőž”
31,,UF8.4C,"1,100 ",ferrule_wood_31.jpg,335,N100-47,MAOJING,8.4X12X12.3 Red ,č«ž”
32,,UF8.4C,"1,100 ",ferrule_wood_32.jpg,335,N100-48,MAOJING,8.4X12X12.3 Light Wine,č«ž”
33,,U2F8.4C żűž”,"1,100 ",ferrule_wood_33.jpg,335,N100-49,MAOJING,8.4X14X12.3 Light Blue,żűž”
34,,4F8.4C Ćőž”,"1,100 ",ferrule_wood_34.jpg,335,N100-50,MAOJING,8.4X14X12.3,Ćőž”
35,,4F84C-20 Ćőž”,440 ,ferrule_wood_35.jpg,335,N200-05,JONGYNG,8.4X14X13.1,Ćőž”
36,,4F84C-23 Ćőž”,440 ,ferrule_wood_36.jpg,335,N200-08,JONGYNG,8.4X14X12.3,Ćőž”
37,,4F84C-24 Ćőž”,"1,100 ",ferrule_wood_37.jpg,335,N200-09,JONGYNG,8.4X12X13,Ćőž”
38,,4F84C-25,550 ,ferrule_wood_38.jpg,335,N200-10,JONGYNG,8.4X19.4X12.3,Ćőž”
39,,4F84C-30,440 ,ferrule_wood_39.jpg,335,N200-12,JONGYNG,8.4X12.5X12.3,Ćőž”
40,,U2F84C żűž”,"1,100 ",ferrule_wood_40.jpg,335,N300-02,JONGYNG,8.4X14X12.2,żűž”
41,,U2F84C- 09 żűž”,"1,100 ",ferrule_wood_41.jpg,335,N300-03,JONGYNG,8.4X14X12.4,żűž”
42,,U2F84C-11 żűž”,880 ,ferrule_wood_42.jpg,335,N300-05,JONGYNG,8.4X14X12.4,żűž”
43,,U4F84C-02 Ćőž”,"1,100 ",ferrule_wood_43.jpg,335,N400-01,JONGYNG,8.4X16.5X12.3 Body Sil,Ćőž”
44,,U6F84C-02 Ćőž”,"1,100 ",ferrule_wood_44.jpg,335,N500-01,JONGYNG,8.4X16.5X12.3Body Gold,Ćőž”
45,,U6F84C-04 Ćőž”,"1,100 ",ferrule_wood_45.jpg,335,N500-02,JONGYNG,8.4X19X12.3Body Green ,Ćőž”
46,,F90C-05 č«ž”,550 ,ferrule_wood_46.jpg,350,N600-01,JONGYNG,8.4X20X14.1,č«ž”
47,,2F90C-05 żűž”,660 ,ferrule_wood_47.jpg,350,N700-01,JONGYNG,8.4X6X12.6 S Silver,żűž”
48,,2F90C-06 żűž”,660 ,ferrule_wood_48.jpg,350,N700-02,JONGYNG,8.4X6X12.6 S Gold,żűž”
49,,2F90C-09 żűž”,660 ,ferrule_wood_49.jpg,350,N700-04,JONGYNG,8.4X14X12.3 ł»°æŽë,żűž”
50,,2F90C-10 żűž”,660 ,ferrule_wood_50.jpg,350,N700-05,JONGYNG,8.4X14X13.6 ł»°æŒÒ,żűž”
