1,,9.3X25X13.6,660,ferrule_iron_1.jpg,370,P001-02,JONGYNG,F91C-05 č«ž”,č«ž”
2,,9.3X13.6X13.4,440,ferrule_iron_2.jpg,370,P100-01,JONGYNG,F93C-02 č«ž”,č«ž”
3,,9.3X25X14,550,ferrule_iron_3.jpg,370,P100-02,JONGYNG,F93C-04 č«ž”,č«ž”
4,,9.3X20X13.6,550,ferrule_iron_4.jpg,370,P100-03,JONGYNG,F93C-05 č«ž”,č«ž”
5,,9.3X6.5X13.9,440,ferrule_iron_5.jpg,370,P100-04,JONGYNG,F93C-06 č«ž”,č«ž”
6,,9.3X6.5X13.6,440,ferrule_iron_6.jpg,370,P100-05,JONGYNG,F93C-07 č«ž”,č«ž”
7,,9.3X22X15,550,ferrule_iron_7.jpg,370,P100-06,JONGYNG,F93C-08 č«ž”,č«ž”
8,,9.3X12.5X13.6,440,ferrule_iron_8.jpg,370,P300-11,JONGYNG,2F93C-31 żűž”,żűž”
9,,9.3X14X14.1 Silver,440,ferrule_iron_9.jpg,370,P300-13,JONGYNG,2F93C-56 żűž”,żűž”
10,,9.3X12.5X13.6,660,ferrule_iron_10.jpg,370,P300-14,JONGYNG,2F93c-40 żűž”,żűž”
11,,9.3X12.5X13.6,550,ferrule_iron_11.jpg,370,P300-15,JONGYNG,2F93C-46 żűž”,żűž”
12,,9.3X12.5X13.3,550,ferrule_iron_12.jpg,370,P300-16,JONGYNG,2F93C-47 żűž”,żűž”
13,,9.3X21X13.6,"1,100",ferrule_iron_13.jpg,370,P300-17,JONGYNG,2F93C-48 żűž”,żűž”
14,,9.3X12.5X13.2,440,ferrule_iron_14.jpg,370,P300-18,JONGYNG,2F93C-50 żűž”,żűž”
15,,9.3X20X13.6,550,ferrule_iron_15.jpg,370,P300-19,JONGYNG,2F93C-51 żűž”,żűž”
16,,9.3X14X14.1 S Silver,660,ferrule_iron_16.jpg,370,P300-22,JONGYNG,2F93C-55 żűž”,żűž”
17,,9.3X14X13.6 Silver,440,ferrule_iron_17.jpg,370,P300-23,JONGYNG,2F93C-57 żűž”,żűž”
18,,9.3X14X13.6  Red Gold,440,ferrule_iron_18.jpg,370,P300-24,JONGYNG,2F93C-58 żűž”,żűž”
19,,9.3X12.5X13.1,440,ferrule_iron_19.jpg,370,P300-25,JONGYNG,2F93C-59 żűž”,żűž”
20,,9.3X12.5X13.6 Red Gold,660,ferrule_iron_20.jpg,370,P300-26,JONGYNG,2F93C-61 żűž”,żűž”
21,,9.3X12.5X12.5,660,ferrule_iron_21.jpg,370,P300-27,JONGYNG,2F93C-62 żűž”,żűž”
22,,9.3X14X14.1 Red Gold,440,ferrule_iron_22.jpg,370,P300-28,JONGYNG,2F93C-63 żűž”,żűž”
23,,9.3X6X13.6 S Silver,660,ferrule_iron_23.jpg,370,P300-29,JONGYNG,2F93C-64 żűž”,żűž”
24,,9.3X6X13.6 Red Gold,660,ferrule_iron_24.jpg,370,P300-30,JONGYNG,2F93C-65 żűž”,żűž”
25,,9.3X14X13.1,440,ferrule_iron_25.jpg,370,P300-31,JONGYNG,2F93C-66 żűž”,żűž”
26,,9.3X14X14.1 S R Gold,660,ferrule_iron_26.jpg,370,P300-32,JONGYNG,2F93C-67 żűž”,żűž”
27,,9.3X14X13.6 S R Gold,660,ferrule_iron_27.jpg,370,P300-33,JONGYNG,2F93C-68 żűž”,żűž”
28,,9.3X12X12.5,990,ferrule_iron_28.jpg,370,P300-34,MAOJING,U4F9.3 Ćőž”,Ćőž”
29,,9.3X10X13.6,990,ferrule_iron_29.jpg,370,P300-35,MAOJING,UF9.3 č«ž”,č«ž”
30,,9.3X12.8X13.1 Red,550,ferrule_iron_30.jpg,370,P300-36,MAOJING,2F9.3 żűž”,żűž”
31,,9.3X12.8X13.1 Blue,550,ferrule_iron_31.jpg,370,P300-37,MAOJING,2F9.3 żűž”,żűž”
32,,9.3X14X13.9,990,ferrule_iron_32.jpg,370,P300-38,MAOJING,U4F9.3 Ćőž”,Ćőž”
33,,9.3X14X13.6,"1,100",ferrule_iron_33.jpg,370,P300-40,MAOJING,F9.3C č«ž”,č«ž”
34,,9.3X14X14 Red,"1,100",ferrule_iron_34.jpg,370,P300-41,MAOJING,2F9.3 żűž”,żűž”
35,,9.3X7X13,"1,100",ferrule_iron_35.jpg,370,P300-42,MAOJING,2F9.3C żűž”,żűž”
36,,9.3X14X14 Red Gold,"1,100",ferrule_iron_36.jpg,370,P300-43,MAOJING,2F9.3C żűž”,żűž”
37,,9.3X14X14 Blue,"1,100",ferrule_iron_37.jpg,370,P300-44,MAOJING,2F9.3C żűž”,żűž”
38,,9.3X14X14,"1,100",ferrule_iron_38.jpg,370,P300-45,MAOJING,U2F9.3C żűž”,żűž”
39,,9.3X14.5X14,"1,100",ferrule_iron_39.jpg,370,P300-46,MAOJING,U4F9.3C Ćőž”,Ćőž”
40,,9.3X12X13 S Silver,"1,100",ferrule_iron_40.jpg,370,P300-47,MAOJING,U4F9.3C Ćőž”,Ćőž”
41,,9.3X12X13 S Gold,"1,100",ferrule_iron_41.jpg,370,P300-48,MAOJING,U4F9.3C Ćőž”,Ćőž”
42,,9.3X19.4X13.2,660,ferrule_iron_42.jpg,370,P400-05,JONGYNG,4F93C Ćőž”,Ćőž”
43,,9.3X12X13.3,440,ferrule_iron_43.jpg,370,P400-06,JONGYNG,4F93C-14 Ćőž”,Ćőž”
44,,9.3X12X13.3,660,ferrule_iron_44.jpg,370,P400-07,JONGYNG,4F93C-15 Ćőž”,Ćőž”
45,,9.3X21X13.6 ,660,ferrule_iron_45.jpg,370,P400-08,JONGYNG,4F93C-18 Ćőž”,Ćőž”
46,,9.3X12X13.4,660,ferrule_iron_46.jpg,370,P400-09,JONGYNG,4F93C-19 Ćőž”,Ćőž”
47,,9.3X14X13.1,440,ferrule_iron_47.jpg,370,P400-10,JONGYNG,4F93C-23 Ćőž”,Ćőž”
48,,9.3X19.4X13.6,550,ferrule_iron_48.jpg,370,P400-11,JONGYNG,4F93C-27 Ćőž”,Ćőž”
49,,9.3X14X13.6,440,ferrule_iron_49.jpg,370,P400-12,JONGYNG,4F93C-28 Ćőž”,Ćőž”
50,,9.3X28X13.6,660,ferrule_iron_50.jpg,370,P400-13,JONGYNG,4F93C-29 Ćőž”,Ćőž”
51,,9.3X12X13.6,"1,100",ferrule_iron_51.jpg,370,P400-14,JONGYNG,4F93C-34 Ćőž”,Ćőž”
52,,9.3X21X14,"1,100",ferrule_iron_52.jpg,370,P400-15,JONGYNG,4F93C-26 Ćőž”,Ćőž”
53,,9.3X12X12.6,660,ferrule_iron_53.jpg,370,P400-16,JONGYNG,4F93C-30 Ćőž”,Ćőž”
54,,9.3X15X13.7 Red,"1,100",ferrule_iron_54.jpg,370,P400-17,MAOJING,UF9.3C č«ž”,č«ž”
55,,9.3X15X13.7 Light Wine,"1,100",ferrule_iron_55.jpg,370,P400-18,MAOJING,UF9.3C č«ž”,č«ž”
56,,9.3X15X13.8 Orange,"1,100",ferrule_iron_56.jpg,370,P400-19,MAOJING,2F9.3C żűž”,żűž”
57,,9.3X15X13.8 Blue,"1,100",ferrule_iron_57.jpg,370,P400-20,MAOJING,2F9.3C żűž”,żűž”
58,,9.3X20X13.6 Light Wine,"1,100",ferrule_iron_58.jpg,370,P400-21,MAOJING,2F9.3C żűž”,żűž”
59,,9.3X20X13.6 Light Blue,"1,100",ferrule_iron_59.jpg,370,p400-22,MAOJING,U2F9.3C żűž”,żűž”
60,,9.3X18.9X13.7,"1,100",ferrule_iron_60.jpg,370,P400-23,MAOJING,4F9.3C Ćőž”,Ćőž”
61,,9.3X14X14.2,"1,100",ferrule_iron_61.jpg,370,P400-24,MAOJING,U4F9.3C Ćőž”,Ćőž”
62,,9.3X20X13.6 S Red Gold,"1,100",ferrule_iron_62.jpg,370,P400-25,MAOJING,U4F9.3C Ćőž”,Ćőž”
63,,9.3X12X13.6,"1,100",ferrule_iron_63.jpg,370,P400-26,MAOJING,U4F9.3C Ćőž”,Ćőž”
64,,9.3X20X13.6 S Silver ,"1,100",ferrule_iron_64.jpg,370,P400-27,MAOJING,U4F9.3C Ćőž”,Ćőž”
65,,9.3X14X13.5 Blue,"1,100",ferrule_iron_65.jpg,370,P500-01,JONGYNG,U2F93C-07 żűž”,żűž”
66,,9.3X14X13.5 Wine,"1,100",ferrule_iron_66.jpg,370,P500-02,JONGYNG,U2F93C-08 żűž”,żűž”
67,,9.3X19X13.6 Body Gold,"1,100",ferrule_iron_67.jpg,370,P600-01,JONGYNG,U4F93C Ćőž”,Ćőž”
68,,9.3X16.5X13.6 Body Sil,"1,100",ferrule_iron_68.jpg,370,P600-02,JONGYNG,U4F93C-24 Ćőž”,Ćőž”
69,,9.3X19X13.3 Body Green,"1,100",ferrule_iron_69.jpg,370,P700-01,JONGYNG,U6F93C-06 Ćőž”,Ćőž”
70,,9.3X19X13.9 Body Green,"1,100",ferrule_iron_70.jpg,370,P700-02,JONGYNG,U6F93C-07 Ćőž”,Ćőž”
