45,1380,DDTM-60X,"6,600",1380_3.jpg,아이언/우드그립,A001-01,골프프라이드,50g/옐로우,"8,000"
44,1379,DDTM-60R,"6,600",1379_3.jpg,아이언/우드그립,A001-02,골프프라이드,50g/옐로우,"8,000"
43,1378,DDTM-60R,"6,600",1378_3.jpg,아이언/우드그립,A001-04,골프프라이드,50g/그린,"8,000"
42,1376,DDTM-60R,"6,600",1376_3.jpg,아이언/우드그립,A001-06,골프프라이드,50g/화이트,"8,000"
50,1391,DDTL-58R,"6,600",1391_3.jpg,아이언/우드그립,A001-08,골프프라이드,46g/옐로우,"8,000"
70,2079,MCC-60X,"13,200",2079_3.jpg,아이언/우드그립,A002-01,골프프라이드,47g/레드,"18,000"
41,1374,MCC-60R,"13,200",1374_3.jpg,아이언/우드그립,A002-02,골프프라이드,47g/레드,"18,000"
40,1373,MCC-60R,"13,200",1373_3.jpg,아이언/우드그립,A002-03,골프프라이드,47g/그린,"18,000"
39,1372,MCC-60R,"13,200",1372_3.jpg,아이언/우드그립,A002-04,골프프라이드,47g/오렌지,"18,000"
38,1371,MCC-60R,"13,200",1371_3.jpg,아이언/우드그립,A002-05,골프프라이드,47g/블루,"18,000"
37,1370,MCC-60R,"13,200",1370_3.jpg,아이언/우드그립,A002-06,골프프라이드,47g/화이트,"18,000"
36,1369,MCC-60R,"13,200",1369_3.jpg,아이언/우드그립,A002-07,골프프라이드,47g/옐로우,"18,000"
35,1368,MCC-60R,"13,200",1368_3.jpg,아이언/우드그립,A002-08,골프프라이드,47g/퍼플,"18,000"
34,1367,MCC-60R,"13,200",1367_3.jpg,아이언/우드그립,A002-09,골프프라이드,47g/스카이블루,"18,000"
33,1366,MSC-60R,"14,300",1366_3.jpg,아이언/우드그립,A002-10,골프프라이드,59g/레드,"20,000"
32,1365,MSC-60R,"14,300",1365_3.jpg,아이언/우드그립,A002-11,골프프라이드,59g/화이트,"20,000"
31,1,MCC-60R,"13,200",gp-1.jpg,아이언/우드그립,A002-12,골프프라이드,47g/블랙,"18,000"
,2,MCC-60R,"13,200",gp-2.jpg,아이언/우드그립,A002-13,골프프라이드,48g 플래티늄/레드,"18,000"
,3,MCC-60R,"13,200",gp-3.jpg,아이언/우드그립,A002-14,골프프라이드,48g 플래티늄/블루,"18,000"
,4,MCC-60R,"13,200",gp-4.jpg,아이언/우드그립,A002-15,골프프라이드,48g 플래티늄/그린,"18,000"
,5,MCC-60R,"13,200",gp-5.jpg,아이언/우드그립,A002-16,골프프라이드,48g 플래티늄/화이트,"18,000"
,6,MCCS-60R,"13,200",gp-6.jpg,아이언/우드그립,A002-17,골프프라이드,53g 플러스4/레드,"18,000"
,7,MCCS-60R,"13,200",gp-7.jpg,아이언/우드그립,A002-18,골프프라이드,53g 플러스4/블루,"18,000"
,8,MCCS-60R,"13,200",gp-8.jpg,아이언/우드그립,A002-19,골프프라이드,53g 플러스4/그레이,"18,000"
49,1390,E860-60X,"8,800",1390_3.jpg,아이언/우드그립,A006-01,골프프라이드,37g/블랙,"15,000"
30,1363,VDRA-60X,"7,700",1363_3.jpg,아이언/우드그립,A007-01,골프프라이드,46g/블랙,"10,000"
29,1362,VDRS-60R,"7,700",1362_3.jpg,아이언/우드그립,A007-02,골프프라이드,48g/블루,"10,000"
28,1361,VDRS-60R,"7,700",1361_3.jpg,아이언/우드그립,A007-03,골프프라이드,48g/레드,"10,000"
27,1360,VDRS-60R,"7,700",1360_3.jpg,아이언/우드그립,A007-04,골프프라이드,48g/화이트,"10,000"
80,4578,VDRU-60R,"7,700",4578_3.jpg,아이언/우드그립,A007-05,골프프라이드,48g/블랙,"10,000"
,9,VDRC-59X,"7,700",gp-9.jpg,아이언/우드그립,A008-01,골프프라이드,36g/블랙,"10,000"
,10,VDRC-59X,"7,700",gp-10.jpg,아이언/우드그립,A008-02,골프프라이드,36g/스카이블루,"10,000"
,11,VDRC-59X,"7,700",gp-11.jpg,아이언/우드그립,A008-03,골프프라이드,36g/핑크,"10,000"
26,1356,VDRC-59X,"7,700",1356_3.jpg,아이언/우드그립,A008-04,골프프라이드,36g/그린,"10,000"
,12,E400-60X,"7,700",gp-12.jpg,아이언/우드그립,A010-01,골프프라이드,36g/ 경량실/블랙,"19,000"
,13,DLC-60R,"7,700",gp-13.jpg,아이언/우드그립,A011-01,골프프라이드,39g/ 경량실/블랙,"9,000"
,14,EL50-57X,"9,350",gp-14.jpg,아이언/우드그립,A014-01,골프프라이드,32g/경량/블랙,"13,000"
,15,TJC,"5,500",gp-15.jpg,아이언/우드그립,A016-01,골프프라이드,52g/트로피실/블랙,"10,000"
,16,STC-60R,"5,500",gp-16.jpg,아이언/우드그립,A017-01,골프프라이드,53g/소프티실/블랙,"10,000"
,17,PWL,"3,850",gp-17.jpg,아이언/우드그립,A019-01,골프프라이드,47g/투어랩/블랙,"10,000"
25,1355,TWPS-60R,"5,500",1355_3.jpg,아이언/우드그립,A020-01,골프프라이드,48g/블랙,"8,000"
24,1354,TWPS-60R,"5,500",1354_3.jpg,아이언/우드그립,A020-02,골프프라이드,48g/레드,"8,000"
23,1353,TWPS-60R,"5,500",1353_3.jpg,아이언/우드그립,A020-03,골프프라이드,55g/화이트,"8,000"
22,1352,TWPU-58R,"5,500",1352_3.jpg,아이언/우드그립,A020-04,골프프라이드,43g/블랙,"8,000"
21,1351,TWPS-60R,"5,500",1351_3.jpg,아이언/우드그립,A020-05,골프프라이드,48g/블루,"8,000"
,18,TWH,"4,400",gp-18.jpg,아이언/우드그립,A021-01,골프프라이드,52g/투어랩반실/블랙,"10,000"
,19,TWC,"4,400",gp-19.jpg,아이언/우드그립,A021-02,골프프라이드,52g/투어랩실/블랙,"10,000"
4,1330,VTM-60X,"5,500",1330_3.jpg,아이언/우드그립,A022-01,골프프라이드,50g/블랙,"10,000"
3,1329,VTM-60R,"5,500",1329_3.jpg,아이언/우드그립,A022-02,골프프라이드,50g/블랙,"10,000"
1,1326,VTM-62R,"5,500",1326_3.jpg,아이언/우드그립,A022-03,골프프라이드,45g/블랙,"10,000"
46,1382,VTM-62X,"5,500",1382_3.jpg,아이언/우드그립,A022-04,골프프라이드,45g/블랙,"10,000"
,20,VTM-58R,"5,500",gp-20.jpg,아이언/우드그립,A022-05,골프프라이드,52.5g/블랙,"10,000"
20,1350,LTM-60X,"6,050",1350_3.jpg,아이언/우드그립,A022-06,골프프라이드,42g/블랙,"11,000"
19,1349,LTM-60R,"6,050",1349_3.jpg,아이언/우드그립,A022-07,골프프라이드,42g/블랙,"11,000"
53,1394,LTM-62X,"6,050",1394_3.jpg,아이언/우드그립,A022-08,골프프라이드,40g/블랙,"11,000"
48,1386,VMM-60R,"7,150",1386_3.jpg,아이언/우드그립,A022-09,골프프라이드,53.5g/블랙,"13,000"
51,1392,VTL-58X,"5,500",1392_3.jpg,아이언/우드그립,A023-01,골프프라이드,47g/블랙,"10,000"
18,1348,VTC-60R CORD,"14,300",1348_3.jpg,아이언/우드그립,A024-01,골프프라이드,50g/블랙,"18,000"
17,1347,VTC-60R CORD,"14,300",1347_3.jpg,아이언/우드그립,A024-02,골프프라이드,50g/화이트,"18,000"
54,1395,DDM-60R,"10,450",1395_3.jpg,아이언/우드그립,A026-01,골프프라이드,49g/블랙,"14,000"
52,1393,D100-60X,"9,350",1393_3.jpg,아이언/우드그립,A029-01,골프프라이드,48g/ 실/블랙,"13,000"
,21,D100-60X ,"8,800",gp-21.jpg,아이언/우드그립,A029-02,골프프라이드,42g / 라이트실/블랙,"13,000"
79,4528,VYNS-58R,"4,400",4528_3.jpg,아이언/우드그립,A031-01,골프프라이드,52g/레드,"4,000"
77,4509,VYNS-58R,"4,400",4509_3.jpg,아이언/우드그립,A031-02,골프프라이드,52g/블루,"4,000"
78,4510,VYNS-58R,"4,400",4510_3.jpg,아이언/우드그립,A031-03,골프프라이드,52g/퍼플,"4,000"
82,4608,VYNU-58R,"4,400",4608_3.jpg,아이언/우드그립,A031-04,골프프라이드,44g/그린,"4,000"
47,1385,GTSS-60R / 투어벨벳360,"5,500",1385_3.jpg,아이언/우드그립,A036-01,골프프라이드,50g/블랙,"8,000"
2,1328,LTTS-60R / 투어25 초경량,"13,200",1328_3.jpg,아이언/우드그립,A037-01,골프프라이드,25g/블랙,"18,000"
16,1345,WMCS-60R,"13,200",1345_3.jpg,아이언/우드그립,A038-01,골프프라이드,50g/블랙,"18,000"
,22,WMCS-60R,"13,200",gp-22.jpg,아이언/우드그립,A038-02,골프프라이드,50g/블루,"18,000"
15,1343,WMCS-60R,"13,200",1343_3.jpg,아이언/우드그립,A038-03,골프프라이드,50g/레드,"18,000"
,23,GRSC-60R,"13,200",gp-23.jpg,아이언/우드그립,a041-01,골프프라이드,50g Z-실,"18,000"
,24,GRSS-60R,"11,000",gp-24.jpg,아이언/우드그립,A041-02,골프프라이드,50g Z-Patriot고무 ,"18,000"
14,1341,FRS-60X / 니온,"7,700",1341_3.jpg,아이언/우드그립,A042-01,골프프라이드,49g/화이트,"8,000"
13,1340,FRS-60X / 니온,"7,700",1340_3.jpg,아이언/우드그립,A042-02,골프프라이드,49g/그린,"8,000"
12,1339,FRS-60X / 니온,"7,700",1339_3.jpg,아이언/우드그립,A042-03,골프프라이드,49g/핑크,"8,000"
11,1338,FRS-60X / 니온,"7,700",1338_3.jpg,아이언/우드그립,A042-04,골프프라이드,49g/오렌지,"8,000"
10,1337,FRS-60X / 니온,"7,700",1337_3.jpg,아이언/우드그립,A042-05,골프프라이드,49g/옐로우,"8,000"
81,4583,FRS-60R / 뉴니온,"9,900",4583_3.jpg,아이언/우드그립,A042-06,골프프라이드,49g/블루,"13,000"
,25,FRS-60X/블랙니온,"8,800",gp-25.jpg,아이언/우드그립,A042-07,골프프라이드,50g /핑크,"15,000"
,26,FRS-60X/블랙니온,"8,800",gp-26.jpg,아이언/우드그립,A042-08,골프프라이드,50g /블루,"15,000"
,27,FRS-60X/블랙니온,"8,800",gp-27.jpg,아이언/우드그립,A042-09,골프프라이드,50g /옐로우,"15,000"
9,1336,FRC-59X / 니온,"7,700",1336_3.jpg,아이언/우드그립,A043-01,골프프라이드,41g/화이트,"8,000"
8,1335,FRC-59X / 니온,"7,700",1335_3.jpg,아이언/우드그립,A043-02,골프프라이드,41g/그린,"8,000"
7,1334,FRC-59X / 니온,"7,700",1334_3.jpg,아이언/우드그립,A043-03,골프프라이드,41g/핑크,"8,000"
6,1333,FRC-59X / 니온,"7,700",1333_3.jpg,아이언/우드그립,A043-04,골프프라이드,41g/오렌지,"8,000"
5,1332,FRC-59X / 니온,"7,700",1332_3.jpg,아이언/우드그립,A043-05,골프프라이드,41g/옐로우,"8,000"
,28,FRC-59X/블랙니온,"8,800",gp-28.jpg,아이언/우드그립,A043-06,골프프라이드,40g/핑크,"15,000"
,29,FRC-59X/블랙니온,"8,800",gp-29.jpg,아이언/우드그립,A043-07,골프프라이드,40g/보라,"15,000"
,30,CCWM-60R,"9,900",gp-30.jpg,아이언/우드그립,A044-01,골프프라이드,64g/블랙-Wrap Midsize,"14,000"
,31,CCPM-60R,"9,900",gp-31.jpg,아이언/우드그립,A044-02,골프프라이드,64g/블랙-Performance Midsize,"14,000"
,32,CCWS-60R,"8,800",gp-32.jpg,아이언/우드그립,A044-03,골프프라이드,50g CP2 Wrap Sta Size,"13,000"
,33,CCPS-60R,"8,800",gp-33.jpg,아이언/우드그립,A044-04,골프프라이드,51g CP2 Pro Std Size,"13,000"
,34,VSTE-60R,"7,700",gp-34.jpg,아이언/우드그립,A045-01,골프프라이드,48g/슈퍼텍/골드,"10,000"
,35,VSTS-60R,"7,700",gp-35.jpg,아이언/우드그립,A045-02,골프프라이드,50g/슈퍼텍/실버,"10,000"
63,1614,GOPP-58R,"9,900",1614_3.jpg,퍼터그립,F001-02,골프프라이드,57g/레드,"15,000"
62,1613,GOPP-58R,"9,900",1613_3.jpg,퍼터그립,F001-03,골프프라이드,57g/블랙,"15,000"
61,1612,CLCP-58R,"11,000",1612_3.jpg,퍼터그립,F002-01,골프프라이드,84g/레드,"16,000"
66,1618,CMOP-58R,"11,000",1618_3.jpg,퍼터그립,F004-01,골프프라이드,70g/밀리터리,"20,000"
65,1617,USVP-58R,"11,000",1617_3.jpg,퍼터그립,F005-01,골프프라이드,70g/성조기무늬,"20,000"
57,1607,OVDP-OPTIK-58R,"11,000",1607_3.jpg,퍼터그립,F011-01,골프프라이드,80g/블랙-레드-화이트,"20,000"
59,1609,KVDP-SLIK-58R,"11,000",1609_3.jpg,퍼터그립,F011-02,골프프라이드,80g/블루-그레이,"20,000"
58,1608,KVDP-SHOCK-58R,"11,000",1608_3.jpg,퍼터그립,F011-03,골프프라이드,80g/레드-블루-화이트,"20,000"
56,1606,MCCP-58R CORD,"15,400",1606_3.jpg,퍼터그립,F012-01,골프프라이드,55g/블랙-레드,"20,000"
60,1610,DDP-58R,"9,900",1610_3.jpg,퍼터그립,F013-01,골프프라이드,65.5g/블루,"15,000"
55,1605,DDP-58R,"9,900",1605_3.jpg,퍼터그립,F013-03,골프프라이드,65.5g/오렌지,"15,000"
67,1620,DDP-58R,"9,900",1620_3.jpg,퍼터그립,F013-04,골프프라이드,65.5g/핑크,"15,000"
68,1621,DDP-58R,"9,900",1621_3.jpg,퍼터그립,F013-05,골프프라이드,65.5g/옐로우,"15,000"
69,1622,DDP-58R,"9,900",1622_3.jpg,퍼터그립,F013-06,골프프라이드,65.5g/블랙,"15,000"
64,1616,GPSP-58R/PLAYERS WRAP,"9,900",1616_3.jpg,퍼터그립,F014-01,골프프라이드,76g/화이트,"16,000"
71,2080,FRP-58R/니온 Niion,"11,000",2080_3.jpg,퍼터그립,F015-01,골프프라이드,60.5g/그린,"15,000"
72,2081,FRP-58R/니온 Niion,"11,000",2081_3.jpg,퍼터그립,F015-02,골프프라이드,60.5g/오렌지,"15,000"
73,2082,FRP-58R/니온 Niion,"11,000",2082_3.jpg,퍼터그립,F015-03,골프프라이드,60.5g/핑크,"15,000"
74,2083,FRP-58R/니온 Niion,"11,000",2083_3.jpg,퍼터그립,F015-04,골프프라이드,60.5g/스카이블루,"15,000"
75,2084,FRP-58R/니온 Niion,"11,000",2084_3.jpg,퍼터그립,F015-05,골프프라이드,60.5g/화이트,"15,000"
76,2085,FRP-58R/니온 Niion,"11,000",2085_3.jpg,퍼터그립,F015-06,골프프라이드,60.5g/옐로우,"15,000"
