20,1422,FLNM-40ST-60X,"3,300 ",1422_3.jpg,아이언/우드그립,B001-01,그립테크,48g/블랙,"5,000 "
19,1421,FLNM-40ST-60X,"3,300 ",1421_3.jpg,아이언/우드그립,B001-02,그립테크,48g/블루,"5,000 "
18,1420,FLNM-40ST-60X,"3,300 ",1420_3.jpg,아이언/우드그립,B001-03,그립테크,48g/레드,"5,000 "
62,2123,FLNL-40ST-58X,"3,300 ",2123_3.jpg,아이언/우드그립,B002-01,그립테크,40g/스카이블루,"5,000 "
17,1416,FLNL-40ST-58X,"3,300 ",1416_3.jpg,아이언/우드그립,B002-04,그립테크,40g/옐로우,"5,000 "
35,4660,IL-151-58X,"3,300 ",4660_3.jpg,아이언/우드그립,B003-01,그립테크,42g/블랙-화이트,"5,000 "
16,1415,IM-14-60R,"3,300 ",1415_3.jpg,아이언/우드그립,B004-01,그립테크,47g/옐로우-블랙,"4,000 "
15,1414,IM-14-60R,"3,300 ",1414_3.jpg,아이언/우드그립,B004-02,그립테크,47g/레드-블랙,"4,000 "
14,1413,IM-14-60R,"3,300 ",1413_3.jpg,아이언/우드그립,B004-03,그립테크,47g/블루-블랙,"4,000 "
5,1400,IM-14-60R CORD,"3,300 ",1400_3.jpg,아이언/우드그립,B004-04,그립테크,47g/레드-블랙,"6,000 "
95,4634,IL-14-58R,"3,300 ",4634_3.jpg,아이언/우드그립,B005-01,그립테크,37g/옐로우-블랙,"4,000 "
13,1410,IL-14-58R,"3,300 ",1410_3.jpg,아이언/우드그립,B005-03,그립테크,37g/레드-블랙,"4,000 "
26,1429,IL-14-58R CORD,"3,300 ",1429_3.jpg,아이언/우드그립,B005-04,그립테크,37g/레드-블랙,"6,000 "
21,1423,IL-14-58R,"3,300 ",1423_3.jpg,아이언/우드그립,B005-05,그립테크,37g/오렌지-블랙,"4,000 "
12,1409,IL-14-58R,"3,300 ",1409_3.jpg,아이언/우드그립,B006-01,그립테크,37g/블루,"4,000 "
11,1407,IL-14-58R,"3,300 ",1407_3.jpg,아이언/우드그립,B006-03,그립테크,37g/그린,"4,000 "
27,1430,IL-14-58R,"3,300 ",1430_3.jpg,아이언/우드그립,B006-05,그립테크,37g/핑크,"4,000 "
59,4661,IL-14-58R,"2,420 ",4661_3.jpg,아이언/우드그립,B006-06,그립테크,37g/블랙,"4,000 "
63,4662,IM-14-60R,"1,100 ",4662_3.jpg,아이언/우드그립,B007-01,그립테크,47g/블루,"4,000 "
92,4663,IM-14-60R,"2,420 ",4663_3.jpg,아이언/우드그립,B007-02,그립테크,47g/블랙,"4,000 "
64,4664,IL-10-58R,"3,300 ",4664_3.jpg,아이언/우드그립,B009-01,그립테크,40g/블랙,"4,000 "
25,1427,IM-03-60X,"2,420 ",1427_3.jpg,아이언/우드그립,B010-01,그립테크,47g/블랙,"4,500 "
24,1426,IL-03-58X,"2,420 ",1426_3.jpg,아이언/우드그립,B011-01,그립테크,39g/블랙,"4,500 "
94,4633,IL-03-58R,"2,420 ",4633_3.jpg,아이언/우드그립,B011-02,그립테크,39g/블랙,"4,500 "
60,4665,FLNM-31-60R,"3,300 ",4665_3.jpg,아이언/우드그립,B012-01,그립테크,46g/레드,"5,000 "
65,4666,FLNM-31-60R,"3,300 ",4666_3.jpg,아이언/우드그립,B012-02,그립테크,46g/블랙,"5,000 "
71,4667,FLNM-31-60R,"3,300 ",4667_3.jpg,아이언/우드그립,B012-03,그립테크,46g/블루,"5,000 "
4,1398,FLNM-34-60X,"3,300 ",1398_3.jpg,아이언/우드그립,B013-01,그립테크,47g/화이트,"5,000 "
9,1404,FLNM-34-60X,"3,300 ",1404_3.jpg,아이언/우드그립,B013-02,그립테크,47g/레드,"5,000 "
8,1403,FLNM-34-60X,"3,300 ",1403_3.jpg,아이언/우드그립,B013-03,그립테크,47g/블루,"5,000 "
29,1432,FLNM-34-60X,"3,300 ",1432_3.jpg,아이언/우드그립,B013-04,그립테크,47g/블랙,"5,000 "
3,1397,FLNL-34-58X,"3,300 ",1397_3.jpg,아이언/우드그립,B014-01,그립테크,40g/화이트,"5,000 "
10,1405,FLNL-34-58X,"3,300 ",1405_3.jpg,아이언/우드그립,B014-03,그립테크,40g/스카이블루,"5,000 "
28,1431,FLNL-34-58X,"3,300 ",1431_3.jpg,아이언/우드그립,B014-04,그립테크,40g/블랙,"5,000 "
7,1402,FLNM-32ST-60X,"3,300 ",1402_3.jpg,아이언/우드그립,B017-01,그립테크,48g/블랙,"5,000 "
6,1401,FLNM-32ST-60X,"3,300 ",1401_3.jpg,아이언/우드그립,B017-02,그립테크,48g/레드,"5,000 "
2,1396,FLNM-32ST-60X,"3,300 ",1396_3.jpg,아이언/우드그립,B017-03,그립테크,48g/블루,"5,000 "
61,4668,FLNL-32ST-58X,"3,300 ",4668_3.jpg,아이언/우드그립,B018-01,그립테크,41g/스카이블루,"5,000 "
68,4669,FLNL-32ST-58X,"3,300 ",4669_3.jpg,아이언/우드그립,B018-02,그립테크,41g/오렌지,"5,000 "
67,4670,FLNL-32ST-58X,"3,300 ",4670_3.jpg,아이언/우드그립,B018-03,그립테크,41g/핑크,"5,000 "
66,4671,FLNL-32ST-58X,"3,300 ",4671_3.jpg,아이언/우드그립,B018-04,그립테크,41g/옐로우,"5,000 "
1,4672,WB-0100-60R CORD,"3,300 ",4672_3.jpg,아이언/우드그립,B019-01,그립테크,43g/블랙,"4,000 "
69,4673,WB-0100-58R CORD,"3,300 ",4673_3.jpg,아이언/우드그립,B020-01,그립테크,40g/블랙,"4,000 "
70,4674,SW-980-60R CORD,"3,300 ",4674_3.jpg,아이언/우드그립,B023-01,그립테크,42g/블랙,"6,000 "
72,4675,L0312-58R,"3,300 ",4675_3.jpg,아이언/우드그립,B025-01,그립테크,37g/블랙,"6,000 "
73,4676,L0230-58R CORD,"2,420 ",4676_3.jpg,아이언/우드그립,B026-01,그립테크,34g/블랙,"6,000 "
74,4677,L0230-58R,"2,420 ",4677_3.jpg,아이언/우드그립,B026-03,그립테크,33g/블루,"6,000 "
75,4678,L0230-58R,"2,420 ",4678_3.jpg,아이언/우드그립,B026-04,그립테크,33g/레드,"6,000 "
76,4679,M705-60X CORD,"3,300 ",4679_3.jpg,아이언/우드그립,B027-01,그립테크,51g,"6,000 "
77,4680,KG230-58R,"5,500 ",4680_3.jpg,아이언/우드그립,B028-01,그립테크,45g/블랙,"10,000 "
78,4681,WB-0162-58R,"2,420 ",4681_3.jpg,아이언/우드그립,B030-01,그립테크,40g/핑크,"4,000 "
79,4682,WB-0162-58R,"2,420 ",4682_3.jpg,아이언/우드그립,B030-02,그립테크,40g/블루,"4,000 "
80,4683,WB-0162-58R,"2,420 ",4683_3.jpg,아이언/우드그립,B030-03,그립테크,40g/그레이,"4,000 "
81,4684,WB-0162-58R,"2,420 ",4684_3.jpg,아이언/우드그립,B031-02,그립테크,40g/핑크,"4,000 "
23,1425,RM76-68R 버블,"4,400 ",1425_3.jpg,아이언/우드그립,B033-01,그립테크,32g/블랙,"10,000 "
82,4685,M73-70R 버블,"4,400 ",4685_3.jpg,아이언/우드그립,B033-02,그립테크,30g/블랙,"7,000 "
83,4686,#197 하프 버블,"4,400 ",4686_3.jpg,아이언/우드그립,B033-04,그립테크,40g/블랙,"10,000 "
84,4687,KG510-60R CORD,"3,300 ",4687_3.jpg,아이언/우드그립,B034-01,그립테크,44.5g,"7,000 "
85,4688,L0108-58R CORD,"3,300 ",4688_3.jpg,아이언/우드그립,B035-01,그립테크,42g,"7,000 "
86,4689,L0109-58R CORD,"3,300 ",4689_3.jpg,아이언/우드그립,B035-02,그립테크,49g,"6,000 "
87,4690,M0106-60R CORD,"3,300 ",4690_3.jpg,아이언/우드그립,B038-01,그립테크,45g,"6,000 "
88,4691,M0109-60R CORD,"3,300 ",4691_3.jpg,아이언/우드그립,B039-01,그립테크,45g,"6,000 "
89,4692,M57-60X CORD,"3,300 ",4692_3.jpg,아이언/우드그립,B040-01,그립테크,50g,"7,000 "
90,4693,M706-60X 반실,"3,300 ",4693_3.jpg,아이언/우드그립,B041-01,그립테크,50g,"7,000 "
91,4694,M706-60X CORD,"3,300 ",4694_3.jpg,아이언/우드그립,B041-02,그립테크,48g,"7,000 "
22,1424,M0106-60X,"1,100 ",1424_3.jpg,아이언/우드그립,B045-01,그립테크,48g/블랙,"5,000 "
93,4622,FCR-23-60X,"2,420 ",4622_3.jpg,아이언/우드그립,B048-01,그립테크,48g/블랙,"3,500 "
96,4696,FFC02-60X CORD,"3,500 ",4696_3.jpg,아이언/우드그립,B051-01,그립테크,48g,"7,000 "
44,1636,BP01-58R,"7,700 ",1636_3.jpg,퍼터그립,G001-01,그립테크,136g/블루/실리콘,"12,000 "
47,1639,BP01-58R,"7,700 ",1639_3.jpg,퍼터그립,G001-02,그립테크,136g/레드/실리콘,"12,000 "
38,1630,BP01-58R,"7,700 ",1630_3.jpg,퍼터그립,G001-03,그립테크,136g/블랙,"12,000 "
36,1628,BP01-58R,"7,700 ",1628_3.jpg,퍼터그립,G001-04,그립테크,136g/레드,"12,000 "
37,1629,BP01-58R,"7,700 ",1629_3.jpg,퍼터그립,G001-05,그립테크,136g/블루,"12,000 "
46,1638,MP17-58R,"8,800 ",1638_3.jpg,퍼터그립,G002-01,그립테크,163g/블루/실리콘,"13,000 "
45,1637,MP17-58R,"8,800 ",1637_3.jpg,퍼터그립,G002-02,그립테크,163g/레드/실리콘,"13,000 "
39,1631,MP17-58R,"8,800 ",1631_3.jpg,퍼터그립,G002-03,그립테크,174g/블랙,"13,000 "
40,1632,MP17-58R,"8,800 ",1632_3.jpg,퍼터그립,G002-04,그립테크,174g/레드,"13,000 "
41,1633,MP17-58R,"8,800 ",1633_3.jpg,퍼터그립,G002-05,그립테크,174g/블루,"13,000 "
97,4697,MP15-58R,"7,700 ",4697_3.jpg,퍼터그립,G003-01,그립테크,115.5g/블루/실리콘,"12,000 "
98,4698,MP15-58R,"7,700 ",4698_3.jpg,퍼터그립,G003-02,그립테크,115.5g/오렌지/실리콘,"12,000 "
99,4699,MP15-58R,"7,700 ",4699_3.jpg,퍼터그립,G003-03,그립테크,111g/블랙,"12,000 "
100,4700,MP15-58R,"7,700 ",4700_3.jpg,퍼터그립,G003-04,그립테크,111g/레드,"12,000 "
101,4701,MP15-58R,"7,700 ",4701_3.jpg,퍼터그립,G003-05,그립테크,111g/블루,"12,000 "
102,4702,KG660-58R 투피스 롱퍼터,"16,500 ",4702_3.jpg,퍼터그립,G004-01,그립테크,,"20,000 "
103,4703,KG610-58R,"5,500 ",4703_3.jpg,퍼터그립,G005-02,그립테크,63g/블랙,"10,000 "
104,4704,KG610-58R,"5,500 ",4704_3.jpg,퍼터그립,G005-03,그립테크,63g/그레이,"10,000 "
105,4705,KG610-58R,"5,500 ",4705_3.jpg,퍼터그립,G005-04,그립테크,63g/다크브라운,"10,000 "
106,4706,KG610-58R,"5,500 ",4706_3.jpg,퍼터그립,G005-05,그립테크,63g/브라운,"10,000 "
107,4707,KG618,"6,600 ",4707_3.jpg,퍼터그립,G005-06,그립테크,73g/블랙,"10,000 "
108,4708,WVSP,"8,800 ",4708_3.jpg,퍼터그립,G006-01,그립테크,67g/블랙,"12,000 "
109,4709,WVSP-01-58R,"8,800 ",4709_3.jpg,퍼터그립,G006-02,그립테크,71g,"12,000 "
110,4710,WVSP-01-58R,"7,700 ",4710_3.jpg,퍼터그립,G006-03,그립테크,55g,"12,000 "
111,4711,KG105-58R,"4,400 ",4711_3.jpg,퍼터그립,G007-01,그립테크,89.5g/블랙,"10,000 "
112,4712,IP08-58R,"3,300 ",4712_3.jpg,퍼터그립,G008-01,그립테크,56g,"8,000 "
53,1839,OPT-014-58R,"5,500 ",1839_3.jpg,퍼터그립,G009-01,그립테크,82.5g/블루,"10,000 "
51,1837,OPT-014-58R,"5,500 ",1837_3.jpg,퍼터그립,G009-02,그립테크,82.5g/오렌지,"10,000 "
52,1838,OPT-014-58R,"5,500 ",1838_3.jpg,퍼터그립,G009-03,그립테크,82.5g/그린,"10,000 "
50,1836,OPT-014-58R,"5,500 ",1836_3.jpg,퍼터그립,G009-04,그립테크,82.5g/블랙,"10,000 "
31,1624,OPT-014-58R,"5,500 ",1624_3.jpg,퍼터그립,G009-05,그립테크,82.5g/레드,"10,000 "
113,4713,MP0353-58R,"3,850 ",4713_3.jpg,퍼터그립,G010-01,그립테크,56.5g/그린,"8,000 "
34,1627,MP0765-58R,"4,400 ",1627_3.jpg,퍼터그립,G011-01,그립테크,76.5g/블랙,"10,000 "
32,1625,MP0765-58R,"4,400 ",1625_3.jpg,퍼터그립,G011-02,그립테크,76.5g/레드,"10,000 "
33,1626,MP0765-58R,"4,400 ",1626_3.jpg,퍼터그립,G011-03,그립테크,76.5g/블루,"10,000 "
114,4714,MP0766-58R,"3,850 ",4714_3.jpg,퍼터그립,G013-01,그립테크,57.5g/레드,"8,000 "
115,4715,MP0766-58R,"3,850 ",4715_3.jpg,퍼터그립,G013-02,그립테크,57.5g/블루,"8,000 "
116,4716,MP20-58R CORD,"3,850 ",4716_3.jpg,퍼터그립,G014-01,그립테크,84.5g,"8,000 "
117,4717,MP13-58R CORD,"3,850 ",4717_3.jpg,퍼터그립,G015-01,그립테크,71.5g,"8,000 "
118,4718,MP13-58R,"3,850 ",4718_3.jpg,퍼터그립,G015-02,그립테크,75g/블랙,"8,000 "
119,4719,RP02-58R,"3,850 ",4719_3.jpg,퍼터그립,G016-01,그립테크,57g/블랙,"8,000 "
120,4720,PM07P-58R,"3,850 ",4720_3.jpg,퍼터그립,G017-01,그립테크,71.5g,"8,000 "
121,4721,IP14I-58R,"5,500 ",4721_3.jpg,퍼터그립,G018-01,그립테크,67.5/블랙-옐로우,"10,000 "
122,4722,IP14I-58R,"5,500 ",4722_3.jpg,퍼터그립,G018-02,그립테크,67.5/블랙-블루,"10,000 "
123,4723,IP14I-58R,"5,500 ",4723_3.jpg,퍼터그립,G018-03,그립테크,67.5/그레이-퍼플,"10,000 "
124,4724,IP14I-58R,"5,500 ",4724_3.jpg,퍼터그립,G018-04,그립테크,67.5/블랙-레드,"10,000 "
125,4725,IP14I-58R 반실,"7,700 ",4725_3.jpg,퍼터그립,G018-05,그립테크,65g/블랙-블루,"12,000 "
126,4726,IP14I-58R 반실,"7,700 ",4726_3.jpg,퍼터그립,G018-06,그립테크,65g/블랙-레드,"12,000 "
127,4727,V3-58R,"7,700 ",4727_3.jpg,퍼터그립,G020-01,그립테크,77g/블루,"12,000 "
128,4728,V3-58R,"7,700 ",4728_3.jpg,퍼터그립,G020-02,그립테크,77g/그린,"12,000 "
129,4729,V3-58R,"7,700 ",4729_3.jpg,퍼터그립,G020-03,그립테크,77g/오렌지,"12,000 "
130,4730,V3-58R,"7,700 ",4730_3.jpg,퍼터그립,G020-04,그립테크,77g/퍼플,"12,000 "
131,4731,V3-58R,"7,700 ",4731_3.jpg,퍼터그립,G020-05,그립테크,77g/핑크,"12,000 "
57,1844,IP09-58R,"4,400 ",1844_3.jpg,퍼터그립,G021-01,그립테크,79.5g/블루,"10,000 "
56,1843,IP09-58R,"4,400 ",1843_3.jpg,퍼터그립,G021-02,그립테크,79.5g/그린,"10,000 "
55,1842,IP09-58R,"4,400 ",1842_3.jpg,퍼터그립,G021-03,그립테크,79.5g/오렌지,"10,000 "
54,1841,IP09-58R,"4,400 ",1841_3.jpg,퍼터그립,G021-04,그립테크,79.5g/퍼플,"10,000 "
58,1845,IP09-58R,"4,400 ",1845_3.jpg,퍼터그립,G021-05,그립테크,79.5g/핑크,"10,000 "
42,1634,IP09-58R,"4,400 ",1634_3.jpg,퍼터그립,G021-06,그립테크,79.5g/블랙,"10,000 "
132,4732,BCP04-58R,"13,200 ",4732_3.jpg,퍼터그립,G022-01,그립테크,72g/브라운/가죽,"18,000 "
133,4733,BCP05-58R,"13,200 ",4733_3.jpg,퍼터그립,G022-02,그립테크,72g/블루/가죽,"18,000 "
134,4734,BCP06-58R,"13,200 ",4734_3.jpg,퍼터그립,G022-03,그립테크,72g/와인/가죽,"18,000 "
48,1640,BWP02-58R 이글페이스,"14,300 ",1640_3.jpg,퍼터그립,G023-01,그립테크,172g/레드,"19,000 "
30,1623,BWP02-58R 이글페이스,"14,300 ",1623_3.jpg,퍼터그립,G023-02,그립테크,172g/블랙,"19,000 "
49,1641,BWP02-58R 이글페이스,"14,300 ",1641_3.jpg,퍼터그립,G023-03,그립테크,172g/블루,"19,000 "
135,4735,KG103-58R,"3,850 ",4735_3.jpg,퍼터그립,G024-01,그립테크,62.5g/블랙,"7,000 "
43,1635,KG103-58R,"3,850 ",1635_3.jpg,퍼터그립,G024-02,그립테크,62.5g/레드,"7,000 "
136,4736,RP38-58R,"3,850 ",4736_3.jpg,퍼터그립,G025-01,그립테크,블랙,"7,000 "
137,4737,RP38-58R,"5,500 ",4737_3.jpg,퍼터그립,G025-02,그립테크,블랙-화이트,"7,000 "
138,4738,RP38-58R,"5,500 ",4738_3.jpg,퍼터그립,G025-03,그립테크,블랙-골드,"7,000 "
