1,,투벤딩 중간 Shaft ,"8,800",shaft_1.jpg,벤딩샤프트,M002-01,,#2
2,,투벤딩 짧은 Shaft,"8,800",shaft_2.jpg,벤딩샤프트,M002-02,,#282
3,,투벤딩 긴 Shaft,"8,800",shaft_3.jpg,벤딩샤프트,M002-03,,#29
4,,3벤딩 긴 Size 일반,"8,800",shaft_4.jpg,벤딩샤프트,M003-01,,#23
5,,"3벤딩 Shaft 핑, 켈러, 오딧","8,800",shaft_5.jpg,벤딩샤프트,M003-02,,#123
6,,3벤딩 짧은 샤프트 하나 ,"8,800",shaft_6.jpg,벤딩샤프트,M003-03,,#4
7,,3벤딩 긴 샤프트 하나,"8,800",shaft_7.jpg,벤딩샤프트,M003-04,,#8
8,,NSPRO 950 R - 3 (Parallel Type),"16,500",shaft_8.jpg,경량스틸샤프트,M004-01,Nipponshaft,"38.5"" "
9,,NSPRO 950 R - 4 (Parallel Type),"16,500",shaft_9.jpg,경량스틸샤프트,M004-02,Nipponshaft,"38.0"""
10,,NSPRO 950 R - 5 (Parallel Type),"16,500",shaft_10.jpg,경량스틸샤프트,M004-03,Nipponshaft,"37.5"""
11,,NSPRO 950 R - 6 (Parallel Type),"16,500",shaft_11.jpg,경량스틸샤프트,M004-04,Nipponshaft,"37.0"""
12,,NSPRO 950 R - 7 (Parallel Type),"16,500",shaft_12.jpg,경량스틸샤프트,M004-05,Nipponshaft,"36.5"""
13,,NSPRO 950 R - 8 (Parallel Type),"16,500",shaft_13.jpg,경량스틸샤프트,M004-06,Nipponshaft,"36.0"""
14,,NSPRO 950 R - 9 (Parallel Type),"16,500",shaft_14.jpg,경량스틸샤프트,M004-07,Nipponshaft,"35.5"""
15,,NSPRO 950 R - P (Parallel Type),"16,500",shaft_15.jpg,경량스틸샤프트,M004-08,Nipponshaft,"35.0"""
16,,NSPRO 950 R - 3 (Taper Type),"16,500",shaft_16.jpg,경량스틸샤프트,M004-09,Nipponshaft,"38.5"""
17,,NSPRO 950 R - 4 (Taper Type),"16,500",shaft_17.jpg,경량스틸샤프트,M004-10,Nipponshaft,"38.0"""
18,,NSPRO 950 R - 5 (Taper Type),"16,500",shaft_18.jpg,경량스틸샤프트,M004-11,Nipponshaft,"37.5"""
19,,NSPRO 950 R - 6 (Taper Type),"16,500",shaft_19.jpg,경량스틸샤프트,M004-12,Nipponshaft,"37.0"""
20,,NSPRO 950 R - 7 (Taper Type),"16,500",shaft_20.jpg,경량스틸샤프트,M004-13,Nipponshaft,"36.5"""
21,,NSPRO 950 R - 8 (Taper Type),"16,500",shaft_21.jpg,경량스틸샤프트,M004-14,Nipponshaft,"36.0"""
22,,NSPRO 950 R - 9 (Taper Type),"16,500",shaft_22.jpg,경량스틸샤프트,M004-15,Nipponshaft,"35.5"""
23,,NSPRO 950 R - 10 (Taper Type),"16,500",shaft_23.jpg,경량스틸샤프트,M004-16,Nipponshaft,"35.0"""
24,,NSPRO 950 S - 3 (Taper Type),"16,500",shaft_24.jpg,경량스틸샤프트,M004-17,Nipponshaft,"38.5"" "
25,,NSPRO 950 S - 4 (Taper Type),"16,500",shaft_25.jpg,경량스틸샤프트,M004-18,Nipponshaft,"38.0"""
26,,NSPRO 950 S - 5 (Taper Type),"16,500",shaft_26.jpg,경량스틸샤프트,M004-19,Nipponshaft,"37.5"""
27,,NSPRO 950 S - 6 (Taper Type),"16,500",shaft_27.jpg,경량스틸샤프트,M004-20,Nipponshaft,"37.0"""
28,,NSPRO 950 S - 7 (Taper Type),"16,500",shaft_28.jpg,경량스틸샤프트,M004-21,Nipponshaft,"36.5"""
29,,NSPRO 950 S - 8 (Taper Type),"16,500",shaft_29.jpg,경량스틸샤프트,M004-22,Nipponshaft,"36.0"""
30,,NSPRO 950 S - 9 (Taper Type),"16,500",shaft_30.jpg,경량스틸샤프트,M004-23,Nipponshaft,"35.5"""
31,,NSPRO 950 S - P (Taper Type),"16,500",shaft_31.jpg,경량스틸샤프트,M004-24,Nipponshaft,"35.0"""
32,,NSPRO 850 R - 3 (Taper Type),"18,700",shaft_32.jpg,경량스틸샤프트,M004-25,Nipponshaft,"38.5"" "
33,,NSPRO 850 R - 4 (Taper Type),"18,700",shaft_33.jpg,경량스틸샤프트,M004-26,Nipponshaft,"38.0"""
34,,NSPRO 850 R - 5 (Taper Type),"18,700",shaft_34.jpg,경량스틸샤프트,M004-27,Nipponshaft,"37.5"""
35,,NSPRO 850 R - 6 (Taper Type),"18,700",shaft_35.jpg,경량스틸샤프트,M004-28,Nipponshaft,"37.0"""
36,,NSPRO 850 R - 7 (Taper Type),"18,700",shaft_36.jpg,경량스틸샤프트,M004-29,Nipponshaft,"36.5"""
37,,NSPRO 850 R - 8 (Taper Type),"18,700",shaft_37.jpg,경량스틸샤프트,M004-30,Nipponshaft,"36.0"""
38,,NSPRO 850 R - 9 (Taper Type),"18,700",shaft_38.jpg,경량스틸샤프트,M004-31,Nipponshaft,"35.5"""
39,,NSPRO 850 R - P (Taper Type),"18,700",shaft_39.jpg,경량스틸샤프트,M004-32,Nipponshaft,"35.0"""
40,,"통스틸 - Long Shaft 50""","15,400",shaft_40.jpg,수리용샤프트,M005-01,,PS901
41,,"매디 Shaft 35"" 퍼터용","7,700",shaft_41.jpg,수리용샤프트,M006-01,,PS502
42,,"매디 Shaft 39"" 아이언용","7,700",shaft_42.jpg,수리용샤프트,M007-01,,"IS3/AIS102-39"""
43,,6 Flute Type Shaft 퍼터용,"7,700",shaft_43.jpg,수리용샤프트,M008-01,,PS601
44,,"통스틸 - Shaft 35"" 퍼터용","7,700",shaft_44.jpg,수리용샤프트,M009-01,,PS501
45,,"통스틸 - Shaft 39"" 아이언용","7,700",shaft_45.jpg,수리용샤프트,M010-01,,AIS101
46,,Dynamic Gold 아이언용 R-300,"19,800",shaft_46.jpg,스틸샤프트,L003-02,True Temper,UDGIR300
47,,Dynamic Gold 아이언용 R-400,"19,800",shaft_47.jpg,스틸샤프트,L003-03,True Temper,UDGIR400
48,,Dynamic Gold 아이언용 S-200,"19,800",shaft_48.jpg,스틸샤프트,L003-04,True Temper,UDGIS200
49,,Dynamic Gold 아이언용 S-300,"19,800",shaft_49.jpg,스틸샤프트,L003-05,True Temper,UDGIS300
50,,투루템퍼 스틸 Shaft Paralle 아이언,"12,100",shaft_50.jpg,스틸샤프트,L011-01,True Temper,UTIC-41
