1,4784,Flatso 5.0 옐로우,"22,000",4784_3.jpg,퍼터그립,K009-04,Super Stroke,직경 : 1.67인치 / 길이 : 10.50인치 / 무게 : 90g / 내경 : 0.58인치,"32,000"
2,4781,Flatso 5.0 블루,"22,000",4781_3.jpg,퍼터그립,K009-03,Super Stroke,직경 : 1.67인치 / 길이 : 10.50인치 / 무게 : 90g / 내경 : 0.58인치,"32,000"
3,4782,Flatso 5.0 레드,"22,000",4782_3.jpg,퍼터그립,K009-02,Super Stroke,직경 : 1.67인치 / 길이 : 10.50인치 / 무게 : 90g / 내경 : 0.58인치,"32,000"
4,4818,TX1 Standard 블루 (립),"11,000",4818_3.jpg,클럽그립,B301-05,Super Stroke,길이 : 10.75인치 / 무게 : 52g / 내경 : 0.600인치,"15,000"
5,4773,Flatso 1.0 블랙,"18,700",4773_3.jpg,퍼터그립,K006-32,Super Stroke,직경 : 1.10인치 / 길이 : 10.50인치 / 무게 : 85g / 내경 : 0.58인치,"22,000"
6,4774,Flatso 1.0 레드,"18,700",4774_3.jpg,퍼터그립,K006-31,Super Stroke,직경 : 1.10인치 / 길이 : 10.50인치 / 무게 : 85g / 내경 : 0.58인치,"22,000"
7,4775,Flatso 2.0 블랙,"22,000",4775_3.jpg,퍼터그립,K007-10,Super Stroke,직경 : 1.25인치 / 길이 : 10.50인치 / 무게 : 50g / 내경 : 0.58인치,"32,000"
8,4776,Flatso 2.0 블루,"22,000",4776_3.jpg,퍼터그립,K007-12,Super Stroke,직경 : 1.25인치 / 길이 : 10.50인치 / 무게 : 50g / 내경 : 0.58인치,"32,000"
9,4777,Flatso 2.0 레드,"22,000",4777_3.jpg,퍼터그립,K007-11,Super Stroke,직경 : 1.25인치 / 길이 : 10.50인치 / 무게 : 50g / 내경 : 0.58인치,"32,000"
10,4778,Flatso 3.0 블랙,"22,000",4778_3.jpg,퍼터그립,K008-08,Super Stroke,직경 : 1.40인치 / 길이 : 10.50인치 / 무게 : 60g / 내경 : 0.58인치,"32,000"
11,4813,TX1 Standard 그레이 (라운드),"11,000",4813_3.jpg,클럽그립,B301-10,Super Stroke,길이 : 10.75인치 / 무게 : 52g / 내경 : 0.600인치,"15,000"
12,4814,TX1 Standard 라임 (라운드),"11,000",4814_3.jpg,클럽그립,B301-08,Super Stroke,길이 : 10.75인치 / 무게 : 52g / 내경 : 0.600인치,"15,000"
13,4815,TX1 Standard 레드 (라운드),"11,000",4815_3.jpg,클럽그립,B301-04,Super Stroke,길이 : 10.75인치 / 무게 : 52g / 내경 : 0.600인치,"15,000"
14,4767,Plus 2.0 XL 블랙,"27,500",4767_3.jpg,퍼터그립,K010-04,Super Stroke,직경 : 1.25인치 / 길이 : 13.75인치 / 무게 : 85g / 내경 : 0.58인치,"38,000"
15,4768,Plus 2.0 XL 옐로우,"27,500",4768_3.jpg,퍼터그립,K010-03,Super Stroke,직경 : 1.25인치 / 길이 : 13.75인치 / 무게 : 85g / 내경 : 0.58인치,"38,000"
16,4769,Plus 3.0 XL 블랙,"27,500",4769_3.jpg,퍼터그립,K010-05,Super Stroke,직경 : 1.3인치 / 길이 : 13.75인치 / 무게 : 95g / 내경 : 0.58인치,"38,000"
17,4771,Plus Flatso 2.0 XL 블랙,"27,500",4771_3.jpg,퍼터그립,K010-07,Super Stroke,직경 : 1.25인치 / 길이 : 13.75인치 / 무게 : 85g / 내경 : 0.58인치,"38,000"
18,4772,Plus Flatso 2.0 XL 옐로우,"27,500",4772_3.jpg,퍼터그립,K010-08,Super Stroke,직경 : 1.25인치 / 길이 : 13.75인치 / 무게 : 85g / 내경 : 0.58인치,"38,000"
19,4816,TX1 Standard 블랙 (라운드),"11,000",4816_3.jpg,클럽그립,B301-02,Super Stroke,길이 : 10.75인치 / 무게 : 52g / 내경 : 0.600인치,"15,000"
20,4817,TX1 Standard 레드 (립),"11,000",4817_3.jpg,클럽그립,B301-03,Super Stroke,길이 : 10.75인치 / 무게 : 52g / 내경 : 0.600인치,"15,000"
21,4820,TX1 Standard 그레이 (립),"11,000",4820_3.jpg,클럽그립,B301-09,Super Stroke,길이 : 10.75인치 / 무게 : 52g / 내경 : 0.600인치,"15,000"
22,5013,Presidents Cup Grips 3.0,"22,000",5013_3.jpg,퍼터그립,K008-13,Super Stroke,직경 : 1.30인치 / 길이 : 10.50인치 / 무게 : 60g / 내경 : 0.58인치,"32,000"
23,5014,Presidents Cup Grips 2.0,"22,000",5014_3.jpg,퍼터그립,K007-17,Super Stroke,직경 : 1.20인치 / 길이 : 10.50인치 / 무게 : 50g / 내경 : 0.58인치,"32,000"
24,4819,TX1 Standard 라임 (립),"11,000",4819_3.jpg,클럽그립,B301-07,Super Stroke,길이 : 10.75인치 / 무게 : 52g / 내경 : 0.600인치,"15,000"
25,4779,Flatso 5.0 블랙,"22,000",4779_3.jpg,퍼터그립,K009-01,Super Stroke,직경 : 1.67인치 / 길이 : 10.50인치 / 무게 : 90g / 내경 : 0.58인치,"32,000"
26,4770,Plus 3.0 XL 옐로우,"27,500",4770_3.jpg,퍼터그립,K010-06,Super Stroke,직경 : 1.3인치 / 길이 : 13.75인치 / 무게 : 95g / 내경 : 0.58인치,"38,000"
27,4785,Slim 3.0 블랙,"22,000",4785_3.jpg,퍼터그립,K008-01,Super Stroke,직경 : 1.30인치 / 길이 : 10.50인치 / 무게 : 60g / 내경 : 0.58인치,"32,000"
28,4786,Slim 3.0 블랙/레드,"22,000",4786_3.jpg,퍼터그립,K006-25,Super Stroke,직경 : 1.30인치 / 길이 : 10.50인치 / 무게 : 60g / 내경 : 0.58인치,"32,000"
29,4787,Slim 3.0 블랙/화이트,"22,000",4787_3.jpg,퍼터그립,K006-23,Super Stroke,직경 : 1.30인치 / 길이 : 10.50인치 / 무게 : 60g / 내경 : 0.58인치,"32,000"
30,4788,Slim 3.0 블루,"22,000",4788_3.jpg,퍼터그립,K008-03,Super Stroke,직경 : 1.30인치 / 길이 : 10.50인치 / 무게 : 60g / 내경 : 0.58인치,"32,000"
31,4789,Slim 3.0 오렌지,"22,000",4789_3.jpg,퍼터그립,K008-05,Super Stroke,직경 : 1.30인치 / 길이 : 10.50인치 / 무게 : 60g / 내경 : 0.58인치,"32,000"
32,4790,Slim 3.0 레드,"22,000",4790_3.jpg,퍼터그립,K008-02,Super Stroke,직경 : 1.30인치 / 길이 : 10.50인치 / 무게 : 60g / 내경 : 0.58인치,"32,000"
33,4791,Slim 3.0 실버/블랙,"22,000",4791_3.jpg,퍼터그립,K006-24,Super Stroke,직경 : 1.30인치 / 길이 : 10.50인치 / 무게 : 60g / 내경 : 0.58인치,"32,000"
34,4792,Slim 3.0 옐로우,"22,000",4792_3.jpg,퍼터그립,K008-06,Super Stroke,직경 : 1.30인치 / 길이 : 10.50인치 / 무게 : 60g / 내경 : 0.58인치,"32,000"
35,4793,Mid Slim 2.0 블랙,"22,000",4793_3.jpg,퍼터그립,K007-03,Super Stroke,직경 : 1.20인치 / 길이 : 10.50인치 / 무게 : 50g / 내경 : 0.58인치,"32,000"
36,4794,Mid Slim 2.0 블랙/레드,"22,000",4794_3.jpg,퍼터그립,K006-20,Super Stroke,직경 : 1.20인치 / 길이 : 10.50인치 / 무게 : 50g / 내경 : 0.58인치,"32,000"
37,4795,Mid Slim 2.0 블랙/화이트,"22,000",4795_3.jpg,퍼터그립,K006-22,Super Stroke,직경 : 1.20인치 / 길이 : 10.50인치 / 무게 : 50g / 내경 : 0.58인치,"32,000"
38,4796,Mid Slim 2.0 블루,"22,000",4796_3.jpg,퍼터그립,K007-05,Super Stroke,직경 : 1.20인치 / 길이 : 10.50인치 / 무게 : 50g / 내경 : 0.58인치,"32,000"
39,4797,Mid Slim 2.0 그린,"22,000",4797_3.jpg,퍼터그립,K007-06,Super Stroke,직경 : 1.20인치 / 길이 : 10.50인치 / 무게 : 50g / 내경 : 0.58인치,"32,000"
40,4798,Mid Slim 2.0 오렌지,"22,000",4798_3.jpg,퍼터그립,K007-07,Super Stroke,직경 : 1.20인치 / 길이 : 10.50인치 / 무게 : 50g / 내경 : 0.58인치,"32,000"
41,4799,Mid Slim 2.0 퍼플,"22,000",4799_3.jpg,퍼터그립,K007-09,Super Stroke,직경 : 1.20인치 / 길이 : 10.50인치 / 무게 : 50g / 내경 : 0.58인치,"32,000"
42,4800,Mid Slim 2.0 레드,"22,000",4800_3.jpg,퍼터그립,K007-04,Super Stroke,직경 : 1.20인치 / 길이 : 10.50인치 / 무게 : 50g / 내경 : 0.58인치,"32,000"
43,4801,Mid Slim 2.0 실버/블랙,"22,000",4801_3.jpg,퍼터그립,K006-21,Super Stroke,직경 : 1.20인치 / 길이 : 10.50인치 / 무게 : 50g / 내경 : 0.58인치,"32,000"
44,4802,Mid Slim 2.0 옐로우,"22,000",4802_3.jpg,퍼터그립,K007-08,Super Stroke,직경 : 1.20인치 / 길이 : 10.50인치 / 무게 : 50g / 내경 : 0.58인치,"32,000"
45,4803,Ultra Slim 1.0 블랙,"13,200",4803_3.jpg,퍼터그립,K006-28,Super Stroke,직경 : 1.00인치 / 길이 : 10.50인치 / 무게 : 65g / 내경 : 0.58인치,"22,000"
46,4806,Ultra Slim 1.0 블랙/화이트,"13,200",4806_3.jpg,퍼터그립,K006-18,Super Stroke,직경 : 1.00인치 / 길이 : 10.50인치 / 무게 : 65g / 내경 : 0.58인치,"22,000"
47,4807,Ultra Slim 1.0 블루,"13,200",4807_3.jpg,퍼터그립,K006-30,Super Stroke,직경 : 1.00인치 / 길이 : 10.50인치 / 무게 : 65g / 내경 : 0.58인치,"22,000"
48,4808,Ultra Slim 1.0 레드,"13,200",4808_3.jpg,퍼터그립,K006-29,Super Stroke,직경 : 1.00인치 / 길이 : 10.50인치 / 무게 : 65g / 내경 : 0.58인치,"22,000"
49,4809,Ultra Slim 1.0 실버/블랙,"13,200",4809_3.jpg,퍼터그립,K006-19,Super Stroke,직경 : 1.00인치 / 길이 : 10.50인치 / 무게 : 65g / 내경 : 0.58인치,"22,000"
50,4810,SS2R Squared 레드,"18,700",4810_3.jpg,퍼터그립,K006-33,Super Stroke,직경 : 1.00인치 / 길이 : 10.50인치 / 무게 : 65g / 내경 : 0.58인치,"32,000"
51,4811,TX1 Standard 블랙 (립),"11,000",4811_3.jpg,클럽그립,B301-01,Super Stroke,길이 : 10.75인치 / 무게 : 52g / 내경 : 0.600인치,"15,000"
52,4812,TX1 Standard 블루 (라운드),"11,000",4812_3.jpg,클럽그립,B301-06,Super Stroke,길이 : 10.75인치 / 무게 : 52g / 내경 : 0.600인치,"15,000"
53,4821,Slim 3.0 퍼플,"22,000",4821_3.jpg,퍼터그립,K008-07,Super Stroke,직경 : 1.30인치 / 길이 : 10.50인치 / 무게 : 60g / 내경 : 0.58인치,"32,000"
54,4822,Slim 3.0 그린,"22,000",4822_3.jpg,퍼터그립,K008-04,Super Stroke,직경 : 1.30인치 / 길이 : 10.50인치 / 무게 : 60g / 내경 : 0.58인치,"32,000"
55,4872,Odyssey 2.0 Mid Slim,"27,500",4872_3.jpg,퍼터그립,K003-06,Super Stroke,50g/실버-블루,"37,000"
56,4873,Odyssey 3.0 Slim,"27,500",4873_3.jpg,퍼터그립,K003-07,Super Stroke,60g/실버-블루,"37,000"
57,4874,Odyssey Tank,"33,000",4874_3.jpg,퍼터그립,K003-08,Super Stroke,129g/실버-블루,"42,000"
58,4888,US Open Mid Slim 2.0,"22,000",4888_3.jpg,퍼터그립,K007-16,Super Stroke,직경 : 1.20인치 / 길이 : 10.50인치 / 무게 : 50g / 내경 : 0.58인치,"32,000"
59,4889,US Open Slim 3.0,"22,000",4889_3.jpg,퍼터그립,K008-12,Super Stroke,직경 : 1.30인치 / 길이 : 10.50인치 / 무게 : 60g / 내경 : 0.58인치,"32,000"
60,4926,Slim 3.0 블랙/레드,"22,000",4926_3.jpg,퍼터그립,K008-09,Super Stroke,직경 : 1.30인치 / 길이 : 10.50인치 / 무게 : 60g / 내경 : 0.58인치,"32,000"
61,4925,Mid Slim 2.0 블랙/레드,"22,000",4925_3.jpg,퍼터그립,K007-13,Super Stroke,직경 : 1.20인치 / 길이 : 10.50인치 / 무게 : 50g / 내경 : 0.58인치,"32,000"
62,,50g CC Flatso 1.0 블랙,"29,700",,퍼터그립,K011-01,Super Stroke,직경 : 1.10인치 / 길이 : 10.50인치 / 무게 : 50g / 내경 : ,"42,000"
63,,50g CC Flatso 1.0 레드,"29,700",,퍼터그립,K011-02,Super Stroke,직경 : 1.10인치 / 길이 : 10.50인치 / 무게 : 50g / 내경 : ,"42,000"
64,,50g CC Flatso 1.0 블루,"29,700",,퍼터그립,K011-03,Super Stroke,직경 : 1.10인치 / 길이 : 10.50인치 / 무게 : 50g / 내경 : ,"42,000"
65,,50g CC Flatso 1.0 검/파,"29,700",,퍼터그립,K011-04,Super Stroke,직경 : 1.10인치 / 길이 : 10.50인치 / 무게 : 50g / 내경 : ,"42,000"
66,,52g Pistol GT 1.0 블랙,"29,700",,퍼터그립,K011-05,Super Stroke,직경 : 1.00인치 / 길이 : 10.50인치 / 무게 : 52g / 내경 : ,"42,000"
67,,52g Pistol GT 1.0 블루,"29,700",,퍼터그립,K011-06,Super Stroke,직경 : 1.00인치 / 길이 : 10.50인치 / 무게 : 52g / 내경 : ,"42,000"
68,,52g Pistol GT 1.0 검/파 ,"29,700",,퍼터그립,k011-07,Super Stroke,직경 : 1.00인치 / 길이 : 10.50인치 / 무게 : 52g / 내경 : ,"42,000"
69,1,64g CC Legacy 2.0 블랙,"29,700",1.jpg,퍼터그립,k012-01,Super Stroke,직경 ; 1.20인치 / 길이 : 10.50인치 / 무게 : 64g / 내경 : ,"42,000"
70,2,64g CC Legacy 2.0 레드,"29,700",2.jpg,퍼터그립,k012-02,Super Stroke,직경 ; 1.20인치 / 길이 : 10.50인치 / 무게 : 64g / 내경 : ,"42,000"
71,3,64g CC Legacy 2.0 블루,"29,700",3.jpg,퍼터그립,k012-03,Super Stroke,직경 ; 1.20인치 / 길이 : 10.50인치 / 무게 : 64g / 내경 : ,"42,000"
72,4,64g CC Legacy 2.0 라임,"29,700",4.jpg,퍼터그립,k012-04,Super Stroke,직경 ; 1.20인치 / 길이 : 10.50인치 / 무게 : 64g / 내경 : ,"42,000"
73,5,64g CC Legacy 2.0 검/파,"29,700",5.jpg,퍼터그립,k012-05,Super Stroke,직경 ; 1.20인치 / 길이 : 10.50인치 / 무게 : 64g / 내경 : ,"42,000"
74,6,64g CC Legacy 2.0 검/노,"29,700",6.jpg,퍼터그립,k012-06,Super Stroke,직경 ; 1.20인치 / 길이 : 10.50인치 / 무게 : 64g / 내경 : ,"42,000"
75,,68g CC Flatso 2.0 블랙,"29,700",,퍼터그립,k012-07,Super Stroke,직경 : 1.25인치 / 길이 : 10.50인치 / 무게 : 68g / 내경 : ,"42,000"
76,,68g CC Flatso 2.0 레드,"29,700",,퍼터그립,k012-08,Super Stroke,직경 : 1.25인치 / 길이 : 10.50인치 / 무게 : 68g / 내경 : ,"42,000"
77,,68g CC Flatso 2.0 검/파,"29,700",,퍼터그립,k012-09,Super Stroke,직경 : 1.25인치 / 길이 : 10.50인치 / 무게 : 68g / 내경 : ,"42,000"
78,,70g Pistol GT Mid 2.0 블랙,"29,700",,퍼터그립,k012-10,Super Stroke,직경 : 1.20인치 / 길이 : 10.50인치 / 무게 : 70g / 내경 : ,"42,000"
79,7,70g Pistol GT Mid 2.0 검/파,"29,700",7.jpg,퍼터그립,k012-11,Super Stroke,직경 : 1.20인치 / 길이 : 10.50인치 / 무게 : 70g / 내경 : ,"42,000"
80,8,70g CC Legacy 3.0 블랙,"29,700",8.jpg,퍼터그립,k013-01,Super Stroke,직경 : 1.30인치 / 길이 : 10.50인치 / 무게 : 70g / 내경 : ,"42,000"
81,9,70g CC Legacy 3.0 레드,"29,700",9.jpg,퍼터그립,k013-02,Super Stroke,직경 : 1.30인치 / 길이 : 10.50인치 / 무게 : 70g / 내경 : ,"42,000"
82,10,70g CC Legacy 3.0 블루,"29,700",10.jpg,퍼터그립,k013-03,Super Stroke,직경 : 1.30인치 / 길이 : 10.50인치 / 무게 : 70g / 내경 : ,"42,000"
83,11,70g CC Legacy 3.0 라임,"29,700",11.jpg,퍼터그립,k013-04,Super Stroke,직경 : 1.30인치 / 길이 : 10.50인치 / 무게 : 70g / 내경 : ,"42,000"
84,12,70g CC Legacy 3.0 검/파,"29,700",12.jpg,퍼터그립,k013-05,Super Stroke,직경 : 1.30인치 / 길이 : 10.50인치 / 무게 : 70g / 내경 : ,"42,000"
85,13,70g CC Legacy 3.0 검/노,"29,700",13.jpg,퍼터그립,k013-06,Super Stroke,직경 : 1.30인치 / 길이 : 10.50인치 / 무게 : 70g / 내경 : ,"42,000"
86,,78g CC Flatso 3.0 블랙,"29,700",,퍼터그립,k013-07,Super Stroke,직경 : 1.40인치 / 길이 : 10.50인치 / 무게 : 78g / 내경 : ,"42,000"
87,,78g CC Flatso 3.0 검/파,"29,700",,퍼터그립,k013-08,Super Stroke,직경 : 1.40인치 / 길이 : 10.50인치 / 무게 : 78g / 내경 : ,"42,000"
88,,110g CC Legacy 5.0 블랙,"29,700",,퍼터그립,k014-01,Super Stroke,직경 : 1.67인치 / 길이 : 10.50인치 / 무게 : 110g / 내경 :,"42,000"
89,14,110g CC Legacy 5.0 검/파,"29,700",14.jpg,퍼터그립,k014-02,Super Stroke,직경 : 1.67인치 / 길이 : 10.50인치 / 무게 : 110g / 내경 :,"42,000"
90,,50g Pistol GT Tour 블랙,"29,700",,퍼터그립,k015-01,Super Stroke,직경 : 1.00인치 / 길이 : 10.50인치 / 무게 : 50g / 내경 : ,"42,000"
91,,50g Pistol GT Tour 블루,"29,700",,퍼터그립,k015-02,Super Stroke,직경 : 1.00인치 / 길이 : 10.50인치 / 무게 : 50g / 내경 : ,"42,000"
92,15,50g Pistol GT Tour 검/파,"29,700",15.jpg,퍼터그립,k015-03,Super Stroke,직경 : 1.00인치 / 길이 : 10.50인치 / 무게 : 50g / 내경 : ,"42,000"
