1,1548,FCR-29L-58X,3300 ,1548_3.jpg,아이언/우드그립,B055-04,타이거초이,44g/화이트
2,1549,FCR-29L-58X,3300 ,1549_3.jpg,아이언/우드그립,B055-03,타이거초이,44g/레드
3,1550,FCR-29L-58X,3300 ,1550_3.jpg,아이언/우드그립,B055-02,타이거초이,44g/블루
4,1551,FCR-29M-60X 화이트,3300 ,1551_3.jpg,아이언/우드그립,B054-04,타이거초이,49g/화이트
5,1555,FCR-29M-60X,3300 ,1555_3.jpg,아이언/우드그립,B054-01,타이거초이,49g/블랙
6,1710,XFC-024-60R 점보라이트,11000 ,1710_3.jpg,퍼터그립,G033-07,타이거초이,65g/그린
7,1711,XFC-024-60R 점보라이트,11000 ,1711_3.jpg,퍼터그립,G033-06,타이거초이,65g/레드
8,1712,XFC-024-60R 점보라이트,11000 ,1712_3.jpg,퍼터그립,G033-05,타이거초이,65g/블루
9,1713,XFC-024-60R 점보라이트,11000 ,1713_3.jpg,퍼터그립,G033-04,타이거초이,65g/블랙
10,4636,FCR-29M-60X,3300 ,4636_3.jpg,아이언/우드그립,B054-03,타이거초이,49g/레드
11,1717,XFC-017-60R 스탠다드 그린,7700 ,1717_3.jpg,퍼터그립,G032-07,타이거초이,80g/그린
12,2093,FCR-33M-60X V cap,3850 ,2093_3.jpg,아이언/우드그립,B062-01,타이거초이,48g/블랙
13,2094,FCR-33M-60X V cap,3850 ,2094_3.jpg,아이언/우드그립,B062-02,타이거초이,48g/레드
14,2095,FCR-33M-60X V cap,3850 ,2095_3.jpg,아이언/우드그립,B062-03,타이거초이,48g/블루
15,2096,FCR-33L-58X V cap,3850 ,2096_3.jpg,아이언/우드그립,B063-01,타이거초이,37g/블랙
16,2097,FCR-33L-58X V cap,3850 ,2097_3.jpg,아이언/우드그립,B063-02,타이거초이,37g/그린
17,2098,FCR-33L-58X V cap,3850 ,2098_3.jpg,아이언/우드그립,B063-03,타이거초이,37g/핑크
18,4641,FCR-33L-58R V cap,3850 ,4641_3.jpg,아이언/우드그립,B063-04,타이거초이,37g/블랙
19,4637,FCR-29L-58X,3300 ,4637_3.jpg,아이언/우드그립,B055-01,타이거초이,44g/블랙
20,4635,FCR-29M-60X,3300 ,4635_3.jpg,아이언/우드그립,B054-02,타이거초이,49g/블루
21,4642,FCR-33L-58R V cap,3850 ,4642_3.jpg,아이언/우드그립,B063-05,타이거초이,37g/그린
22,4640,FCR-33M-60R V cap,3850 ,4640_3.jpg,아이언/우드그립,B062-06,타이거초이,48g/블랙
23,4644,FCR-33L-58X V cap,3850 ,4644_3.jpg,아이언/우드그립,B063-07,타이거초이,37g/스카이블루
24,4643,FCR-33L-58R V cap,3850 ,4643_3.jpg,아이언/우드그립,B063-06,타이거초이,37g/핑크
25,4645,FCR-33L-58X V cap,3850 ,4645_3.jpg,아이언/우드그립,B063-08,타이거초이,37g/오렌지
26,4639,FCR-33M-60R V cap,3850 ,4639_3.jpg,아이언/우드그립,B062-05,타이거초이,48g/블랙
27,4506,XFC-017B-60R 2.0 스탠다드,7700 ,4506_3.jpg,퍼터그립,G032-09,타이거초이,35g/화이트-블랙
28,4507,XFC-017B-60R 2.0 스탠다드,7700 ,4507_3.jpg,퍼터그립,G032-10,타이거초이,35g/화이트-오렌지
29,4508,XFC-017B-60R 2.0 스탠다드,7700 ,4508_3.jpg,퍼터그립,G032-11,타이거초이,35g/화이트-블루
30,4511,XFC-028B-60R 5.0 스탠다드 점보,11000 ,4511_3.jpg,퍼터그립,G034-06,타이거초이,63g/화이트-블루
31,4512,XFC-028B-60R 5.0 스탠다드 점보,11000 ,4512_3.jpg,퍼터그립,G034-07,타이거초이,63g/화이트-레드
32,4513,XFC-028B-60R 5.0 스탠다드 점보,11000 ,4513_3.jpg,퍼터그립,G034-08,타이거초이,63g/화이트-그린
33,4523,XFC-024B-60R 3.0 스탠다드 점보,11000 ,4523_3.jpg,퍼터그립,G033-11,타이거초이,52g/화이트-블루
34,4524,XFC-024B-60R 3.0 스탠다드 점보,11000 ,4524_3.jpg,퍼터그립,G033-12,타이거초이,52g/화이트-레드
35,4540,XFC-028B-60R 5.0 스탠다드 점보,11000 ,4540_3.jpg,퍼터그립,G034-13,타이거초이,63g/블랙-오렌지
36,4547,XFC-011-61R Excellent 롱퍼터,16500 ,4547_3.jpg,퍼터그립,G029-01,타이거초이,143g/블랙
37,4548,XFC-011-61R Excellent 롱퍼터,16500 ,4548_3.jpg,퍼터그립,G029-02,타이거초이,143g/화이트
38,4549,XFC-028B-60R 5.0 스탠다드 점보,11000 ,4549_3.jpg,퍼터그립,G034-09,타이거초이,63g/블랙-레드
39,4550,XFC-028B-60R 5.0 스탠다드 점보,11000 ,4550_3.jpg,퍼터그립,G034-10,타이거초이,63g/블랙-화이트
40,4551,XFC-028B-60R 5.0 스탠다드 점보,11000 ,4551_3.jpg,퍼터그립,G034-11,타이거초이,63g/블랙-블루
41,4638,FCR-33M-60R V cap,3850 ,4638_3.jpg,아이언/우드그립,B062-04,타이거초이,48g/블랙
42,4552,XFC-028B-60R 5.0 스탠다드 점보,11000 ,4552_3.jpg,퍼터그립,G034-12,타이거초이,63g/블랙-그린
43,4557,XFC-024B-60R 3.0 스탠다드 점보,11000 ,4557_3.jpg,퍼터그립,G033-09,타이거초이,52g/화이트-블랙
44,4558,XFC-024B-60R 3.0 스탠다드 점보,11000 ,4558_3.jpg,퍼터그립,G033-13,타이거초이,52g/화이트-그린
45,4612,XFC-028B-60R 5.0 스탠다드 점보,11000 ,4612_3.jpg,퍼터그립,G034-04,타이거초이,63g/화이트-블랙
46,4613,XFC-028B-60R 5.0 스탠다드 점보,11000 ,4613_3.jpg,퍼터그립,G034-05,타이거초이,63g/화이트-오렌지
47,4614,XFC-024B-60R 3.0 스탠다드 점보,11000 ,4614_3.jpg,퍼터그립,G033-10,타이거초이,52g/화이트-오렌지
48,4615,XFC-017B-60R 2.0 스탠다드,7700 ,4615_3.jpg,퍼터그립,G032-12,타이거초이,35g/화이트-레드
49,4616,XFC-017B-60R 2.0 스탠다드,7700 ,4616_3.jpg,퍼터그립,G032-13,타이거초이,35g/화이트-그린
50,4827,FCR-08M-60X,2750 ,4827_3.jpg,아이언/우드그립,B064-01,타이거초이,48g/블랙
51,4828,FCR-08M-60X,2750 ,4828_3.jpg,아이언/우드그립,B064-02,타이거초이,48g/레드
52,4829,FCR-08M-60X,2750 ,4829_3.jpg,아이언/우드그립,B064-03,타이거초이,48g/블루
53,4830,FCR-08L-58X,2750 ,4830_3.jpg,아이언/우드그립,B065-01,타이거초이,38g/블랙
54,4832,FCR-08L-58X,2750 ,4832_3.jpg,아이언/우드그립,B065-02,타이거초이,38g/오렌지
55,4833,FCR-08L-58X,2750 ,4833_3.jpg,아이언/우드그립,B065-03,타이거초이,38g/핑크
56,4834,FCR-08L-58X,2750 ,4834_3.jpg,아이언/우드그립,B065-04,타이거초이,38g/블루
57,4835,FCR-08L-58X,2750 ,4835_3.jpg,아이언/우드그립,B065-05,타이거초이,38g/그린
58,4836,FCR-36M-60X V cap,3850 ,4836_3.jpg,아이언/우드그립,B066-01,타이거초이,48g/블랙
59,4837,FCR-36M-60X V cap,3850 ,4837_3.jpg,아이언/우드그립,B066-02,타이거초이,48g/레드
60,4838,FCR-36M-60X V cap,3850 ,4838_3.jpg,아이언/우드그립,B066-03,타이거초이,48g/블루
61,4840,FCR-36M-60X V Cap Grey Cap,3850 ,4840_3.jpg,아이언/우드그립,B066-04,타이거초이,45g/블랙
62,4841,FCR-36M-60X V Cap Grey Cap,3850 ,4841_3.jpg,아이언/우드그립,B066-05,타이거초이,45g/레드
63,4842,FCR-36M-60X V Cap Grey Cap,3850 ,4842_3.jpg,아이언/우드그립,B066-06,타이거초이,45g/블루
64,4843,FOAM-RK-1430-60X Brown Cap WH/P,4400 ,4843_3.jpg,아이언/우드그립,B067-01,타이거초이,35g/블랙-화이트
65,4844,FOAM-RK-1430-60R Brown Cap,4400 ,4844_3.jpg,아이언/우드그립,B067-02,타이거초이,35g/블랙-화이트
66,4845,FOAM-RK-1430-60X Brown Cap GD/P,4400 ,4845_3.jpg,아이언/우드그립,B067-03,타이거초이,28g/블랙-골드
67,4846,FOAM-RK-1430-60R Brown Cap GD/P,4400 ,4846_3.jpg,아이언/우드그립,B067-04,타이거초이,28g/블랙-골드
68,4847,FLNM-58EK-60X Grey Cap WH/P,5500 ,4847_3.jpg,아이언/우드그립,B068-01,타이거초이,45g/블랙
69,4848,FLNM-58EK-60R Grey Cap GD/P,5500 ,4848_3.jpg,아이언/우드그립,B068-02,타이거초이,45g/블랙
70,4849,FLNM-58EK-60X Grey Cap WH/P,5500 ,4849_3.jpg,아이언/우드그립,B068-03,타이거초이,45g/블루
71,4850,FLNM-58EK-60R Grey Cap GD/P,5500 ,4850_3.jpg,아이언/우드그립,B068-04,타이거초이,45g/블루
72,4851,FLNM-58EK-60X Grey Cap WH/P,5500 ,4851_3.jpg,아이언/우드그립,B068-05,타이거초이,45g/레드
73,4852,FLNM-58EK-60R Grey Cap GD/P,5500 ,4852_3.jpg,아이언/우드그립,B068-06,타이거초이,45g/레드
74,4859,XFC-024B-60R,11000 ,4859_3.jpg,퍼터그립,G033-17,타이거초이,48g/블랙-블루
75,4857,XFC-024B-60R,11000 ,4857_3.jpg,퍼터그립,G033-15,타이거초이,48g/블랙-화이트
76,4858,XFC-024B-60R,11000 ,4858_3.jpg,퍼터그립,G033-16,타이거초이,48g/블랙-와인
77,4860,XFC-024B-60R,11000 ,4860_3.jpg,퍼터그립,G033-18,타이거초이,48g/블랙-레드
78,4880,FCR-36M-60X V Cap,4400 ,4880_3.jpg,아이언/우드그립,B066-07,타이거초이,48g/블랙-레드
79,4881,FCR-36M-60X V Cap,4400 ,4881_3.jpg,아이언/우드그립,B066-09,타이거초이,48g/블랙-옐로우
80,4882,FCR-36M-60X V Cap,4400 ,4882_3.jpg,아이언/우드그립,B066-10,타이거초이,48g/블랙-오렌지
81,4883,FCR-36L-58X V Cap,4400 ,4883_3.jpg,아이언/우드그립,B066-11,타이거초이,38g/블랙-퍼플
82,4884,FCR-36L-58X V Cap,4400 ,4884_3.jpg,아이언/우드그립,B066-12,타이거초이,38g/블랙-와인
83,4885,FCR-36L-58X V Cap,4400 ,4885_3.jpg,아이언/우드그립,B066-13,타이거초이,38g/블랙-그린
84,4886,FCR-36L-58X V Cap,4400 ,4886_3.jpg,아이언/우드그립,B066-14,타이거초이,38g/블랙-오렌지
85,4887,FCR-36m-60X V Cap,4400 ,4887_3.jpg,아이언/우드그립,B066-08,타이거초이,48g/블랙-블루
86,4890,BG-M100-60X V Cap,4400 ,4890_3.jpg,아이언/우드그립,B069-01,타이거초이,48g/블랙
87,4891,BG-M100-60X V Cap,4400 ,4891_3.jpg,아이언/우드그립,B069-02,타이거초이,48g/레드
88,4892,BG-M100-60X V Cap,4400 ,4892_3.jpg,아이언/우드그립,B069-03,타이거초이,48g/블루
89,4893,BG-L100-58X V Cap,4400 ,4893_3.jpg,아이언/우드그립,B069-04,타이거초이,39g/블랙
90,4894,BG-L100-58X V Cap,4400 ,4894_3.jpg,아이언/우드그립,B069-05,타이거초이,39g/와인
91,4895,BG-L100-58X V Cap,4400 ,4895_3.jpg,아이언/우드그립,B069-06,타이거초이,39g/퍼플
