1,1323,5TCH-BLW WINN/듀라테크,"9,900",1323_3.jpg,아이언/우드그립,B020-02,WINN,45g/블루,-1
2,1324,5TCH-BWH WINN/듀라테크,"9,900",1324_3.jpg,아이언/우드그립,B020-01,WINN,45g/블랙,-1
3,1325,5TCH-RWH WINN/듀라테크,"9,900",1325_3.jpg,아이언/우드그립,B020-03,WINN,45g/레드,-1
4,1588,J8LTL-BW,"17,600",1588_3.jpg,퍼터그립,H011-01,WINN,62g/블랙,"27,000"
5,1589,G8WS-USA 자이언트,"27,500",1589_3.jpg,퍼터그립,H010-02,WINN,247g/블루-레드,"39,500"
6,1590,G8WS 자이언트,"27,500",1590_3.jpg,퍼터그립,H010-01,WINN,247g/블랙,"39,500"
7,1591,J8WS,"17,600",1591_3.jpg,퍼터그립,H009-02,WINN,124g/블랙,"20,000"
8,1596,68WS-OWO,"14,300",1596_3.jpg,퍼터그립,H007-06,WINN,76g/오렌지-화이트,"19,500"
9,1597,68WS-RWB,"14,300",1597_3.jpg,퍼터그립,H007-02,WINN,76g/화이트,"19,500"
10,1601,WGWM-RWB,"13,200",1601_3.jpg,퍼터그립,H002-01,WINN,63g,"19,500"
11,1602,61P-17-NR 롱퍼터,"22,000",1602_3.jpg,퍼터그립,H001-04,WINN,136g/네이비-레드-네이비,"35,000"
12,1603,M8WM-USA,"13,200",1603_3.jpg,퍼터그립,H004-01,WINN,58g,"19,500"
13,1604,68WS,"13,200",1604_3.jpg,퍼터그립,H007-01,WINN,75g/블랙,"19,500"
14,1871,WPX18 BKR WinnPro X 1.18,"19,800",1871_3.jpg,퍼터그립,H016-01,WINN,56g/블랙-레드,"25,000"
15,1872,WPX18 BLO WinnPro X 1.18,"19,800",1872_3.jpg,퍼터그립,H016-02,WINN,56g/블루-오렌지,"25,000"
16,1873,WPX18 RCG WinnPro X 1.18,"19,800",1873_3.jpg,퍼터그립,H016-03,WINN,56g/레드-그레이,"25,000"
17,1874,WPX18 BCG WinnPro X 1.18,"19,800",1874_3.jpg,퍼터그립,H016-04,WINN,56g/블루-그레이,"25,000"
18,1875,WPX32 BKB WinnPro X 1.32,"20,900",1875_3.jpg,퍼터그립,H017-01,WINN,73g/블랙-블루,"30,000"
19,1876,WPX32 CGB WinnPro X 1.32,"20,900",1876_3.jpg,퍼터그립,H017-02,WINN,73g/그레이-블루,"30,000"
20,1877,WPX32 RGY WinnPro X 1.32,"20,900",1877_3.jpg,퍼터그립,H017-03,WINN,73g/레드-그레이,"30,000"
21,1878,WPX32 BGY WinnPro X 1.32,"20,900",1878_3.jpg,퍼터그립,H017-04,WINN,73g/블루-그레이,"30,000"
22,1879,WPX60 BKS WinnPro X 1.60,"22,000",1879_3.jpg,퍼터그립,H018-01,WINN,100g/블랙,"35,000"
23,1880,WPX60 CGB WinnPro X 1.60,"22,000",1880_3.jpg,퍼터그립,H018-02,WINN,100g/그레이-블랙,"35,000"
24,1881,WPX60 RBK WinnPro X 1.60,"22,000",1881_3.jpg,퍼터그립,H018-03,WINN,100g/레드-블랙,"35,000"
25,1882,WPX60 BBK WinnPro X 1.60,"22,000",1882_3.jpg,퍼터그립,H018-04,WINN,100g/블루-블랙,"35,000"
26,4653,iG18-PL 롱퍼터,"24,200",4653_3.jpg,퍼터그립,H001-05,WINN,65g/브라운,"35,000"
27,4657,68WS-BRD,"13,200",4657_3.jpg,퍼터그립,H015-01,WINN,77g/블랙-레드,"19,500"
28,4656,68WS-BYL,"13,200",4656_3.jpg,퍼터그립,H015-02,WINN,77g/블랙-옐로우,"19,500"
29,4655,68TL-GB,"14,300",4655_3.jpg,퍼터그립,H014-01,WINN,79g/그레이-블랙,"19,500"
30,4654,M8WS-BOR-MIC,"12,100",4654_3.jpg,퍼터그립,H005-03,WINN,57g/블랙-오렌지,"19,500"
31,4498,62P-21-RB 롱퍼터,,4498_3.jpg,퍼터그립,H001-01,WINN,136g/레드-블랙,"35,000"
32,4623,68WS-GBW,"14,300",4623_3.jpg,퍼터그립,H007-05,WINN,76g/그레이-블루-화이트,"19,500"
33,4863,M8WS-BLG Excel 소,"12,100",4863_3.jpg,퍼터그립,H005-04,WINN,59g/블루-그레이,"19,500"
34,4865,M8W-DGR Excel 소,"12,100",4865_3.jpg,퍼터그립,H005-05,WINN,59g/다크그레이-레드,"19,500"
35,4866,PPWS-NY Excel 소,"12,100",4866_3.jpg,퍼터그립,H005-06,WINN,62g/네이비블루,"19,500"
36,4867,68WS-RD PTR 중,"14,300",4867_3.jpg,퍼터그립,H007-07,WINN,77g/레드,"19,500"
37,4868,68WS-DGB PTR 중,"14,300",4868_3.jpg,퍼터그립,H007-08,WINN,77g/다크그레이-블루,"19,500"
38,4869,68WS-NGR PTR 중,"14,300",4869_3.jpg,퍼터그립,H007-09,WINN,77g/네이비-그레이-그린,"19,500"
39,4870,J8LWS-BL 점보 Lite PTR,"17,600",4870_3.jpg,퍼터그립,H012-04,WINN,59g/블루,"27,000"
40,4871,J8LWS-NYG 점보 Lite PTR,"17,600",4871_3.jpg,퍼터그립,H012-05,WINN,59g/네이비-그레이,"27,000"
